major_class_description,2021 (Adopted),2022 (Proposed),2023 (Proposed),2024 (Proposed),2025 (Proposed),2026 (Proposed),dept_name,category_code_description,name,2020 (Adopted)
Advances & Misc.,100.0,100.0,100.0,100.0,100.0,100.0,City Council,Legislative & Elections,City Council,100
Contrib./Indemnities,25000100.0,100.0,100.0,100.0,100.0,100.0,City Council,Legislative & Elections,City Council,100
Debt Service,0.0,0.0,0.0,0.0,0.0,0.0,City Council,Legislative & Elections,City Council,0
Materials/Equip.,428650.0,528650.0,628650.0,628650.0,628650.0,628650.0,City Council,Legislative & Elections,City Council,528650
Payments to Other Funds,100.0,100.0,100.0,100.0,100.0,100.0,City Council,Legislative & Elections,City Council,100
Personal Services,14877138.0,15379138.0,16129138.0,16129138.0,16129138.0,16129138.0,City Council,Legislative & Elections,City Council,15427138
Purchase of Services,1976885.0,2121885.0,2271885.0,2271885.0,2271885.0,2271885.0,City Council,Legislative & Elections,City Council,1971885
Advances & Misc.,0.0,0.0,0.0,0.0,0.0,0.0,Labor,Finance & Administration,Labor,0
Contrib./Indemnities,0.0,0.0,0.0,0.0,0.0,0.0,Labor,Finance & Administration,Labor,0
Debt Service,0.0,0.0,0.0,0.0,0.0,0.0,Labor,Finance & Administration,Labor,0
Materials/Equip.,86420.0,21420.0,21420.0,21420.0,21420.0,21420.0,Labor,Finance & Administration,Labor,68460
Payments to Other Funds,0.0,0.0,0.0,0.0,0.0,0.0,Labor,Finance & Administration,Labor,0
Personal Services,2395467.0,2939422.0,2958306.0,2946331.0,2955772.0,2951147.0,Labor,Finance & Administration,Labor,2065091
Purchase of Services,357217.0,352817.0,352817.0,352817.0,352817.0,352817.0,Labor,Finance & Administration,Labor,321277
Advances & Misc.,0.0,0.0,0.0,0.0,0.0,0.0,Innovation and Technology,Finance & Administration,Innovation and Technology,0
Contrib./Indemnities,0.0,0.0,0.0,0.0,0.0,0.0,Innovation and Technology,Finance & Administration,Innovation and Technology,0
Debt Service,0.0,0.0,0.0,0.0,0.0,0.0,Innovation and Technology,Finance & Administration,Innovation and Technology,0
Materials/Equip.,6396428.0,2983610.0,2983610.0,2983610.0,2983610.0,2983610.0,Innovation and Technology,Finance & Administration,Innovation and Technology,5931046
Payments to Other Funds,0.0,0.0,0.0,0.0,0.0,0.0,Innovation and Technology,Finance & Administration,Innovation and Technology,0
Personal Services,22822147.0,29657871.0,29331351.0,28606749.0,28645730.0,28645730.0,Innovation and Technology,Finance & Administration,Innovation and Technology,22462148
Purchase of Services,46576598.0,48514689.0,49645072.0,50973188.0,50961753.0,50961753.0,Innovation and Technology,Finance & Administration,Innovation and Technology,42805345
Advances & Misc.,0.0,0.0,0.0,0.0,0.0,0.0,Innovation and Technology,Finance & Administration,OIT: 911,0
Contrib./Indemnities,0.0,0.0,0.0,0.0,0.0,0.0,Innovation and Technology,Finance & Administration,OIT: 911,0
Debt Service,0.0,0.0,0.0,0.0,0.0,0.0,Innovation and Technology,Finance & Administration,OIT: 911,0
Materials/Equip.,23064399.0,8064399.0,8064399.0,8064399.0,8064399.0,8064399.0,Innovation and Technology,Finance & Administration,OIT: 911,13537978
Payments to Other Funds,0.0,0.0,0.0,0.0,0.0,0.0,Innovation and Technology,Finance & Administration,OIT: 911,0
Personal Services,1341547.0,1341547.0,1341547.0,1341547.0,1341547.0,1341547.0,Innovation and Technology,Finance & Administration,OIT: 911,1416547
Purchase of Services,29159009.0,21928631.0,17950466.0,16023304.0,16046883.0,15237321.0,Innovation and Technology,Finance & Administration,OIT: 911,26280561
Advances & Misc.,0.0,0.0,0.0,0.0,0.0,0.0,Mayor,Finance & Administration,Mayor,0
Contrib./Indemnities,0.0,0.0,0.0,0.0,0.0,0.0,Mayor,Finance & Administration,Mayor,0
Debt Service,0.0,0.0,0.0,0.0,0.0,0.0,Mayor,Finance & Administration,Mayor,0
Materials/Equip.,41341.0,41341.0,41341.0,41341.0,41341.0,41341.0,Mayor,Finance & Administration,Mayor,34841
Payments to Other Funds,0.0,0.0,0.0,0.0,0.0,0.0,Mayor,Finance & Administration,Mayor,0
Personal Services,5775991.0,5892600.0,5892600.0,5892600.0,5892600.0,5892600.0,Mayor,Finance & Administration,Mayor,5393827
Purchase of Services,646260.0,780260.0,730260.0,680260.0,680260.0,680260.0,Mayor,Finance & Administration,Mayor,684965
Advances & Misc.,0.0,0.0,0.0,0.0,0.0,0.0,Mayor,Education,Mayor: Scholarships,0
Contrib./Indemnities,100000.0,100000.0,100000.0,100000.0,100000.0,100000.0,Mayor,Education,Mayor: Scholarships,200000
Debt Service,0.0,0.0,0.0,0.0,0.0,0.0,Mayor,Education,Mayor: Scholarships,0
Materials/Equip.,0.0,0.0,0.0,0.0,0.0,0.0,Mayor,Education,Mayor: Scholarships,0
Payments to Other Funds,0.0,0.0,0.0,0.0,0.0,0.0,Mayor,Education,Mayor: Scholarships,0
Personal Services,0.0,0.0,0.0,0.0,0.0,0.0,Mayor,Education,Mayor: Scholarships,0
Purchase of Services,0.0,0.0,0.0,0.0,0.0,0.0,Mayor,Education,Mayor: Scholarships,0
Advances & Misc.,0.0,0.0,0.0,0.0,0.0,0.0,Community Empowerment,Community Services,Community Empowerment and Opportunity,0
Contrib./Indemnities,0.0,0.0,0.0,0.0,0.0,0.0,Community Empowerment,Community Services,Community Empowerment and Opportunity,0
Debt Service,0.0,0.0,0.0,0.0,0.0,0.0,Community Empowerment,Community Services,Community Empowerment and Opportunity,0
Materials/Equip.,0.0,0.0,0.0,0.0,0.0,0.0,Community Empowerment,Community Services,Community Empowerment and Opportunity,0
Payments to Other Funds,0.0,0.0,0.0,0.0,0.0,0.0,Community Empowerment,Community Services,Community Empowerment and Opportunity,0
Personal Services,45000.0,45000.0,45000.0,45000.0,45000.0,45000.0,Community Empowerment,Community Services,Community Empowerment and Opportunity,90000
Purchase of Services,0.0,0.0,0.0,0.0,0.0,0.0,Community Empowerment,Community Services,Community Empowerment and Opportunity,0
Advances & Misc.,0.0,0.0,0.0,0.0,0.0,0.0,Managing Director,Finance & Administration,Managing Director,0
Contrib./Indemnities,1350000.0,2500000.0,2500000.0,2500000.0,2500000.0,2500000.0,Managing Director,Finance & Administration,Managing Director,0
Debt Service,0.0,0.0,0.0,0.0,0.0,0.0,Managing Director,Finance & Administration,Managing Director,0
Materials/Equip.,1556787.0,4059265.0,1383059.0,1383059.0,1190059.0,1190059.0,Managing Director,Finance & Administration,Managing Director,1136979
Payments to Other Funds,0.0,0.0,0.0,0.0,0.0,0.0,Managing Director,Finance & Administration,Managing Director,0
Personal Services,36119907.0,42224013.0,43211806.0,43479114.0,42861459.0,42963134.0,Managing Director,Finance & Administration,Managing Director,23170579
Purchase of Services,31588550.0,44477850.0,42253809.0,43541769.0,41651769.0,41651769.0,Managing Director,Finance & Administration,Managing Director,30973162
Advances & Misc.,0.0,0.0,0.0,0.0,0.0,0.0,Managing Director,Finance & Administration,MDO: Legal Services,0
Contrib./Indemnities,0.0,0.0,0.0,0.0,0.0,0.0,Managing Director,Finance & Administration,MDO: Legal Services,0
Debt Service,0.0,0.0,0.0,0.0,0.0,0.0,Managing Director,Finance & Administration,MDO: Legal Services,0
Materials/Equip.,0.0,0.0,0.0,0.0,0.0,0.0,Managing Director,Finance & Administration,MDO: Legal Services,0
Payments to Other Funds,0.0,0.0,0.0,0.0,0.0,0.0,Managing Director,Finance & Administration,MDO: Legal Services,0
Personal Services,0.0,0.0,0.0,0.0,0.0,0.0,Managing Director,Finance & Administration,MDO: Legal Services,0
Purchase of Services,50104181.0,50938782.0,50938782.0,50938782.0,50938782.0,50938782.0,Managing Director,Finance & Administration,MDO: Legal Services,50938541
Advances & Misc.,0.0,0.0,0.0,0.0,0.0,0.0,Police,Public Safety,Police,0
Contrib./Indemnities,0.0,0.0,0.0,0.0,0.0,0.0,Police,Public Safety,Police,0
Debt Service,0.0,0.0,0.0,0.0,0.0,0.0,Police,Public Safety,Police,0
Materials/Equip.,12794012.0,12239952.0,12239952.0,12239952.0,12239952.0,12239952.0,Police,Public Safety,Police,14452710
Payments to Other Funds,0.0,0.0,0.0,0.0,0.0,0.0,Police,Public Safety,Police,0
Personal Services,704077967.0,704349409.0,704349409.0,704349409.0,704349409.0,704349409.0,Police,Public Safety,Police,718359324
Purchase of Services,10135755.0,10418373.0,10418373.0,10418373.0,10418373.0,10418373.0,Police,Public Safety,Police,8353063
Advances & Misc.,0.0,0.0,0.0,0.0,0.0,0.0,Streets,Infrastructure Services,Streets,0
Contrib./Indemnities,53171.0,53171.0,53171.0,53171.0,53171.0,53171.0,Streets,Infrastructure Services,Streets,53171
Debt Service,0.0,0.0,0.0,0.0,0.0,0.0,Streets,Infrastructure Services,Streets,0
Materials/Equip.,6172885.0,14215207.0,13634280.0,13640602.0,-2431398.0,-2437720.0,Streets,Infrastructure Services,Streets,7704196
Payments to Other Funds,0.0,0.0,0.0,0.0,0.0,0.0,Streets,Infrastructure Services,Streets,0
Personal Services,87283619.0,90986330.0,94158953.0,96837284.0,99539050.0,99539050.0,Streets,Infrastructure Services,Streets,90464913
Purchase of Services,59512680.0,68179925.0,63445147.0,64761128.0,66566517.0,68444064.0,Streets,Infrastructure Services,Streets,58810652
Advances & Misc.,0.0,0.0,0.0,0.0,0.0,0.0,Fire,Public Safety,Fire,0
Contrib./Indemnities,0.0,0.0,0.0,0.0,0.0,0.0,Fire,Public Safety,Fire,0
Debt Service,0.0,0.0,0.0,0.0,0.0,0.0,Fire,Public Safety,Fire,0
Materials/Equip.,9192914.0,11275064.0,11546264.0,11632051.0,11739212.0,11814610.0,Fire,Public Safety,Fire,8831714
Payments to Other Funds,9882000.0,10071000.0,10876680.0,11746814.0,12686560.0,13003724.0,Fire,Public Safety,Fire,9235000
Personal Services,289256642.0,332992022.0,332998740.0,331781002.0,331896633.0,331896633.0,Fire,Public Safety,Fire,273966292
Purchase of Services,6724702.0,6728143.0,6808282.0,6808729.0,6811352.0,6811352.0,Fire,Public Safety,Fire,6516272
Advances & Misc.,0.0,0.0,0.0,0.0,0.0,0.0,Public Health,Community Services,Public Health,0
Contrib./Indemnities,0.0,0.0,0.0,0.0,0.0,0.0,Public Health,Community Services,Public Health,0
Debt Service,0.0,0.0,0.0,0.0,0.0,0.0,Public Health,Community Services,Public Health,0
Materials/Equip.,6768973.0,7366053.0,6344453.0,6344453.0,6344453.0,6344453.0,Public Health,Community Services,Public Health,7519148
Payments to Other Funds,4423404.0,923404.0,923404.0,923404.0,923404.0,923404.0,Public Health,Community Services,Public Health,4500000
Personal Services,57654465.0,58752291.0,58797980.0,58762211.0,58802573.0,58811975.0,Public Health,Community Services,Public Health,58328165
Purchase of Services,90506143.0,95447448.0,49014705.0,48847227.0,48854899.0,48854899.0,Public Health,Community Services,Public Health,90224827
Advances & Misc.,0.0,0.0,0.0,0.0,0.0,0.0,Behavioral Health,Community Services,Behavioral Health,0
Contrib./Indemnities,0.0,0.0,0.0,0.0,0.0,0.0,Behavioral Health,Community Services,Behavioral Health,0
Debt Service,0.0,0.0,0.0,0.0,0.0,0.0,Behavioral Health,Community Services,Behavioral Health,0
Materials/Equip.,0.0,43200.0,43200.0,43200.0,43200.0,43200.0,Behavioral Health,Community Services,Behavioral Health,0
Payments to Other Funds,0.0,0.0,0.0,0.0,0.0,0.0,Behavioral Health,Community Services,Behavioral Health,0
Personal Services,1546510.0,2980922.0,3026120.0,3026120.0,3026120.0,3026120.0,Behavioral Health,Community Services,Behavioral Health,1534468
Purchase of Services,13930892.0,20522810.0,17142012.0,17142012.0,17142012.0,17142012.0,Behavioral Health,Community Services,Behavioral Health,14360976
Advances & Misc.,0.0,0.0,0.0,0.0,0.0,0.0,Parks & Rec,"Recreation, Arts & Culture",Parks & Rec,0
Contrib./Indemnities,1500000.0,1500000.0,1500000.0,1500000.0,1500000.0,1500000.0,Parks & Rec,"Recreation, Arts & Culture",Parks & Rec,2711000
Debt Service,0.0,0.0,0.0,0.0,0.0,0.0,Parks & Rec,"Recreation, Arts & Culture",Parks & Rec,0
Materials/Equip.,2022225.0,2552225.0,2527225.0,2527225.0,2527225.0,2527225.0,Parks & Rec,"Recreation, Arts & Culture",Parks & Rec,2740630
Payments to Other Funds,0.0,0.0,0.0,0.0,0.0,0.0,Parks & Rec,"Recreation, Arts & Culture",Parks & Rec,0
Personal Services,46921787.0,52352786.0,52940834.0,52978065.0,53014967.0,53051673.0,Parks & Rec,"Recreation, Arts & Culture",Parks & Rec,52490935
Purchase of Services,4482142.0,5659542.0,5699542.0,5559542.0,5559542.0,5559542.0,Parks & Rec,"Recreation, Arts & Culture",Parks & Rec,7115490
Advances & Misc.,0.0,0.0,0.0,0.0,0.0,0.0,Atwater Kent,"Recreation, Arts & Culture",Atwater Kent,0
Contrib./Indemnities,0.0,0.0,0.0,0.0,0.0,0.0,Atwater Kent,"Recreation, Arts & Culture",Atwater Kent,0
Debt Service,0.0,0.0,0.0,0.0,0.0,0.0,Atwater Kent,"Recreation, Arts & Culture",Atwater Kent,0
Materials/Equip.,0.0,0.0,0.0,0.0,0.0,0.0,Atwater Kent,"Recreation, Arts & Culture",Atwater Kent,0
Payments to Other Funds,0.0,0.0,0.0,0.0,0.0,0.0,Atwater Kent,"Recreation, Arts & Culture",Atwater Kent,0
Personal Services,0.0,0.0,0.0,0.0,0.0,0.0,Atwater Kent,"Recreation, Arts & Culture",Atwater Kent,0
Purchase of Services,0.0,0.0,0.0,0.0,0.0,0.0,Atwater Kent,"Recreation, Arts & Culture",Atwater Kent,0
Advances & Misc.,0.0,0.0,0.0,0.0,0.0,0.0,Public Property,Infrastructure Services,Public Property,0
Contrib./Indemnities,0.0,0.0,0.0,0.0,0.0,0.0,Public Property,Infrastructure Services,Public Property,0
Debt Service,0.0,0.0,0.0,0.0,0.0,0.0,Public Property,Infrastructure Services,Public Property,0
Materials/Equip.,1338535.0,1338535.0,1338535.0,1338535.0,1338535.0,1338535.0,Public Property,Infrastructure Services,Public Property,1338535
Payments to Other Funds,28235000.0,26262470.0,27509288.0,28966288.0,29594798.0,30290293.0,Public Property,Infrastructure Services,Public Property,26643000
Personal Services,10101149.0,10098527.0,10104653.0,10110962.0,10115460.0,10122154.0,Public Property,Infrastructure Services,Public Property,9395654
Purchase of Services,30549657.0,35725814.0,36552822.0,36905338.0,37251099.0,37554718.0,Public Property,Infrastructure Services,Public Property,31314408
Advances & Misc.,0.0,0.0,0.0,0.0,0.0,0.0,Public Property,Infrastructure Services,Space Rentals,0
Contrib./Indemnities,0.0,0.0,0.0,0.0,0.0,0.0,Public Property,Infrastructure Services,Space Rentals,0
Debt Service,0.0,0.0,0.0,0.0,0.0,0.0,Public Property,Infrastructure Services,Space Rentals,0
Materials/Equip.,0.0,0.0,0.0,0.0,0.0,0.0,Public Property,Infrastructure Services,Space Rentals,0
Payments to Other Funds,0.0,0.0,0.0,0.0,0.0,0.0,Public Property,Infrastructure Services,Space Rentals,0
Personal Services,0.0,0.0,0.0,0.0,0.0,0.0,Public Property,Infrastructure Services,Space Rentals,0
Purchase of Services,25567715.0,30249634.0,30379922.0,31322075.0,32108228.0,33174820.0,Public Property,Infrastructure Services,Space Rentals,26278677
Advances & Misc.,0.0,0.0,0.0,0.0,0.0,0.0,Public Property,Infrastructure Services,SEPTA Subsidy,0
Contrib./Indemnities,0.0,0.0,0.0,0.0,0.0,0.0,Public Property,Infrastructure Services,SEPTA Subsidy,0
Debt Service,0.0,0.0,0.0,0.0,0.0,0.0,Public Property,Infrastructure Services,SEPTA Subsidy,0
Materials/Equip.,0.0,0.0,0.0,0.0,0.0,0.0,Public Property,Infrastructure Services,SEPTA Subsidy,0
Payments to Other Funds,0.0,0.0,0.0,0.0,0.0,0.0,Public Property,Infrastructure Services,SEPTA Subsidy,0
Personal Services,0.0,0.0,0.0,0.0,0.0,0.0,Public Property,Infrastructure Services,SEPTA Subsidy,0
Purchase of Services,84608000.0,91214000.0,94323000.0,97575000.0,100961000.0,104475000.0,Public Property,Infrastructure Services,SEPTA Subsidy,87556000
Advances & Misc.,0.0,0.0,0.0,0.0,0.0,0.0,Public Property,Infrastructure Services,Utilities,0
Contrib./Indemnities,0.0,0.0,0.0,0.0,0.0,0.0,Public Property,Infrastructure Services,Utilities,0
Debt Service,0.0,0.0,0.0,0.0,0.0,0.0,Public Property,Infrastructure Services,Utilities,0
Materials/Equip.,0.0,0.0,0.0,0.0,0.0,0.0,Public Property,Infrastructure Services,Utilities,0
Payments to Other Funds,0.0,0.0,0.0,0.0,0.0,0.0,Public Property,Infrastructure Services,Utilities,0
Personal Services,0.0,0.0,0.0,0.0,0.0,0.0,Public Property,Infrastructure Services,Utilities,0
Purchase of Services,25447623.0,24875748.0,25668251.0,26591054.0,27491945.0,28422963.0,Public Property,Infrastructure Services,Utilities,27393339
Advances & Misc.,0.0,0.0,0.0,0.0,0.0,0.0,Human Services,Community Services,Human Services,0
Contrib./Indemnities,0.0,1393638.0,1393638.0,1393638.0,1393638.0,1393638.0,Human Services,Community Services,Human Services,0
Debt Service,0.0,0.0,0.0,0.0,0.0,0.0,Human Services,Community Services,Human Services,0
Materials/Equip.,2111970.0,2111970.0,2111970.0,2111970.0,2111970.0,2111970.0,Human Services,Community Services,Human Services,2069970
Payments to Other Funds,0.0,0.0,0.0,0.0,0.0,0.0,Human Services,Community Services,Human Services,0
Personal Services,31673433.42,32182866.42,32197866.42,32197866.42,32197866.42,32197866.42,Human Services,Community Services,Human Services,27646449
Purchase of Services,129305230.0,140710334.0,144897092.0,143433082.0,143433082.0,143433082.0,Human Services,Community Services,Human Services,89248594
Advances & Misc.,0.0,0.0,0.0,0.0,0.0,0.0,Prisons,Public Safety,Prisons,0
Contrib./Indemnities,1201757.0,1201757.0,1201757.0,1201757.0,1201757.0,1201757.0,Prisons,Public Safety,Prisons,1201757
Debt Service,0.0,0.0,0.0,0.0,0.0,0.0,Prisons,Public Safety,Prisons,0
Materials/Equip.,4016769.0,5499455.0,4674595.0,4542222.0,4557986.0,4016769.0,Prisons,Public Safety,Prisons,4373744
Payments to Other Funds,0.0,0.0,0.0,0.0,0.0,0.0,Prisons,Public Safety,Prisons,0
Personal Services,126599446.0,126635188.0,126635188.0,126635188.0,126635188.0,126635188.0,Prisons,Public Safety,Prisons,139765668
Purchase of Services,88351948.0,97960934.0,96059955.0,96059955.0,96059955.0,96059955.0,Prisons,Public Safety,Prisons,92842354
Advances & Misc.,0.0,0.0,0.0,0.0,0.0,0.0,Homeless Services,Community Services,Homeless Services,0
Contrib./Indemnities,32421.0,32421.0,32421.0,32421.0,32421.0,32421.0,Homeless Services,Community Services,Homeless Services,32421
Debt Service,0.0,0.0,0.0,0.0,0.0,0.0,Homeless Services,Community Services,Homeless Services,0
Materials/Equip.,344127.0,344127.0,344127.0,344127.0,344127.0,344127.0,Homeless Services,Community Services,Homeless Services,344127
Payments to Other Funds,0.0,0.0,0.0,0.0,0.0,0.0,Homeless Services,Community Services,Homeless Services,0
Personal Services,8068689.0,9307467.0,9307467.0,7533791.0,7533791.0,7533791.0,Homeless Services,Community Services,Homeless Services,9545748
Purchase of Services,35593350.0,45637327.0,46304600.0,38795556.0,38795556.0,38795556.0,Homeless Services,Community Services,Homeless Services,50023423
Advances & Misc.,0.0,0.0,0.0,0.0,0.0,0.0,Fleet,Finance & Administration,Fleet,0
Contrib./Indemnities,0.0,0.0,0.0,0.0,0.0,0.0,Fleet,Finance & Administration,Fleet,0
Debt Service,0.0,0.0,0.0,0.0,0.0,0.0,Fleet,Finance & Administration,Fleet,0
Materials/Equip.,22376873.0,20684642.0,20684642.0,20684642.0,20684642.0,20684642.0,Fleet,Finance & Administration,Fleet,25391767
Payments to Other Funds,0.0,0.0,0.0,0.0,0.0,0.0,Fleet,Finance & Administration,Fleet,0
Personal Services,19073455.0,18695138.0,18865138.0,19035138.0,19035138.0,19035138.0,Fleet,Finance & Administration,Fleet,19416871
Purchase of Services,5353396.0,5401396.0,5449396.0,5449396.0,5449396.0,5449396.0,Fleet,Finance & Administration,Fleet,5305396
Advances & Misc.,0.0,0.0,0.0,0.0,0.0,0.0,Fleet,Finance & Administration,Vehicle Purchases/Leases,0
Contrib./Indemnities,0.0,0.0,0.0,0.0,0.0,0.0,Fleet,Finance & Administration,Vehicle Purchases/Leases,0
Debt Service,0.0,0.0,0.0,0.0,0.0,0.0,Fleet,Finance & Administration,Vehicle Purchases/Leases,0
Materials/Equip.,9797739.0,9307852.0,9307852.0,9307852.0,9307852.0,9307852.0,Fleet,Finance & Administration,Vehicle Purchases/Leases,17286549
Payments to Other Funds,0.0,0.0,0.0,0.0,0.0,0.0,Fleet,Finance & Administration,Vehicle Purchases/Leases,0
Personal Services,0.0,0.0,0.0,0.0,0.0,0.0,Fleet,Finance & Administration,Vehicle Purchases/Leases,0
Purchase of Services,0.0,0.0,0.0,0.0,0.0,0.0,Fleet,Finance & Administration,Vehicle Purchases/Leases,0
Advances & Misc.,0.0,0.0,0.0,0.0,0.0,0.0,Licenses & Inspections,Regulatory,Licenses & Inspections,0
Contrib./Indemnities,0.0,0.0,0.0,0.0,0.0,0.0,Licenses & Inspections,Regulatory,Licenses & Inspections,0
Debt Service,0.0,0.0,0.0,0.0,0.0,0.0,Licenses & Inspections,Regulatory,Licenses & Inspections,0
Materials/Equip.,834475.0,834475.0,834475.0,834475.0,834475.0,834475.0,Licenses & Inspections,Regulatory,Licenses & Inspections,911397
Payments to Other Funds,0.0,0.0,0.0,0.0,0.0,0.0,Licenses & Inspections,Regulatory,Licenses & Inspections,0
Personal Services,23970217.0,24608806.0,24228806.0,24228806.0,24228806.0,24228806.0,Licenses & Inspections,Regulatory,Licenses & Inspections,25967209
Purchase of Services,13447002.0,13522002.0,13245752.0,13245752.0,13245752.0,13245752.0,Licenses & Inspections,Regulatory,Licenses & Inspections,14403945
Advances & Misc.,0.0,0.0,0.0,0.0,0.0,0.0,Board of Review,Regulatory,L&I: Board of Review,0
Contrib./Indemnities,0.0,0.0,0.0,0.0,0.0,0.0,Board of Review,Regulatory,L&I: Board of Review,0
Debt Service,0.0,0.0,0.0,0.0,0.0,0.0,Board of Review,Regulatory,L&I: Board of Review,0
Materials/Equip.,0.0,0.0,0.0,0.0,0.0,0.0,Board of Review,Regulatory,L&I: Board of Review,0
Payments to Other Funds,0.0,0.0,0.0,0.0,0.0,0.0,Board of Review,Regulatory,L&I: Board of Review,0
Personal Services,165635.0,165635.0,165635.0,165635.0,165635.0,165635.0,Board of Review,Regulatory,L&I: Board of Review,163434
Purchase of Services,10436.0,10436.0,10436.0,10436.0,10436.0,10436.0,Board of Review,Regulatory,L&I: Board of Review,10436
Advances & Misc.,0.0,0.0,0.0,0.0,0.0,0.0,Board of Bldg. Stds.,Regulatory,L&I: Board of Building Standards,0
Contrib./Indemnities,0.0,0.0,0.0,0.0,0.0,0.0,Board of Bldg. Stds.,Regulatory,L&I: Board of Building Standards,0
Debt Service,0.0,0.0,0.0,0.0,0.0,0.0,Board of Bldg. Stds.,Regulatory,L&I: Board of Building Standards,0
Materials/Equip.,0.0,0.0,0.0,0.0,0.0,0.0,Board of Bldg. Stds.,Regulatory,L&I: Board of Building Standards,0
Payments to Other Funds,0.0,0.0,0.0,0.0,0.0,0.0,Board of Bldg. Stds.,Regulatory,L&I: Board of Building Standards,0
Personal Services,82018.0,82018.0,82018.0,82018.0,82018.0,82018.0,Board of Bldg. Stds.,Regulatory,L&I: Board of Building Standards,80366
Purchase of Services,0.0,0.0,0.0,0.0,0.0,0.0,Board of Bldg. Stds.,Regulatory,L&I: Board of Building Standards,0
Advances & Misc.,0.0,0.0,0.0,0.0,0.0,0.0,Records,Finance & Administration,Records,0
Contrib./Indemnities,0.0,0.0,0.0,0.0,0.0,0.0,Records,Finance & Administration,Records,1456
Debt Service,0.0,0.0,0.0,0.0,0.0,0.0,Records,Finance & Administration,Records,0
Materials/Equip.,143758.0,143758.0,143758.0,143758.0,143758.0,143758.0,Records,Finance & Administration,Records,143758
Payments to Other Funds,0.0,0.0,0.0,0.0,0.0,0.0,Records,Finance & Administration,Records,0
Personal Services,3117312.0,3009970.0,3009970.0,3009970.0,3009970.0,3009970.0,Records,Finance & Administration,Records,3226285
Purchase of Services,743265.0,758985.0,758985.0,758985.0,658985.0,658985.0,Records,Finance & Administration,Records,1538779
Advances & Misc.,0.0,0.0,0.0,0.0,0.0,0.0,Art Museum,"Recreation, Arts & Culture",Art Museum,0
Contrib./Indemnities,2040000.0,2040000.0,2040000.0,2040000.0,2040000.0,2040000.0,Art Museum,"Recreation, Arts & Culture",Art Museum,2550000
Debt Service,0.0,0.0,0.0,0.0,0.0,0.0,Art Museum,"Recreation, Arts & Culture",Art Museum,0
Materials/Equip.,0.0,0.0,0.0,0.0,0.0,0.0,Art Museum,"Recreation, Arts & Culture",Art Museum,0
Payments to Other Funds,0.0,0.0,0.0,0.0,0.0,0.0,Art Museum,"Recreation, Arts & Culture",Art Museum,0
Personal Services,0.0,0.0,0.0,0.0,0.0,0.0,Art Museum,"Recreation, Arts & Culture",Art Museum,0
Purchase of Services,0.0,0.0,0.0,0.0,0.0,0.0,Art Museum,"Recreation, Arts & Culture",Art Museum,0
Advances & Misc.,0.0,0.0,0.0,0.0,0.0,0.0,Finance,Finance & Administration,Finance,0
Contrib./Indemnities,1250000.0,1415700.0,1900000.0,2400000.0,2700000.0,2400000.0,Finance,Finance & Administration,Finance,4725000
Debt Service,0.0,0.0,0.0,0.0,0.0,0.0,Finance,Finance & Administration,Finance,0
Materials/Equip.,35616.0,35616.0,35616.0,35616.0,35616.0,35616.0,Finance,Finance & Administration,Finance,103109
Payments to Other Funds,24500000.0,11360000.0,7730925.0,14174037.0,11665950.0,15352212.0,Finance,Finance & Administration,Finance,28285000
Personal Services,10312396.0,9869056.0,9843256.0,9942398.0,10044514.0,10044514.0,Finance,Finance & Administration,Finance,9084313
Purchase of Services,2626660.0,3439267.0,3532304.0,3777536.0,4103713.0,4478817.0,Finance,Finance & Administration,Finance,3029912
Advances & Misc.,0.0,0.0,0.0,0.0,0.0,0.0,Finance,Budget Reserves,Budget Stabilization Reserve,0
Contrib./Indemnities,0.0,0.0,0.0,0.0,0.0,0.0,Finance,Budget Reserves,Budget Stabilization Reserve,0
Debt Service,0.0,0.0,0.0,0.0,0.0,0.0,Finance,Budget Reserves,Budget Stabilization Reserve,0
Materials/Equip.,0.0,0.0,0.0,0.0,0.0,0.0,Finance,Budget Reserves,Budget Stabilization Reserve,0
Payments to Other Funds,0.0,0.0,0.0,0.0,0.0,0.0,Finance,Budget Reserves,Budget Stabilization Reserve,34276000
Personal Services,0.0,0.0,0.0,0.0,0.0,0.0,Finance,Budget Reserves,Budget Stabilization Reserve,0
Purchase of Services,0.0,0.0,0.0,0.0,0.0,0.0,Finance,Budget Reserves,Budget Stabilization Reserve,0
Advances & Misc.,0.0,0.0,0.0,0.0,0.0,0.0,Finance,Education,Community College Subsidy,0
Contrib./Indemnities,44110159.0,48128075.0,50106653.0,50860996.0,50758698.0,50758698.0,Finance,Education,Community College Subsidy,33759207
Debt Service,0.0,0.0,0.0,0.0,0.0,0.0,Finance,Education,Community College Subsidy,0
Materials/Equip.,0.0,0.0,0.0,0.0,0.0,0.0,Finance,Education,Community College Subsidy,0
Payments to Other Funds,0.0,0.0,0.0,0.0,0.0,0.0,Finance,Education,Community College Subsidy,0
Personal Services,0.0,0.0,0.0,0.0,0.0,0.0,Finance,Education,Community College Subsidy,0
Purchase of Services,0.0,0.0,0.0,0.0,0.0,0.0,Finance,Education,Community College Subsidy,0
Advances & Misc.,0.0,0.0,0.0,0.0,0.0,0.0,Finance,Finance & Administration,Employee Benefits,0
Contrib./Indemnities,0.0,0.0,0.0,0.0,0.0,0.0,Finance,Finance & Administration,Employee Benefits,0
Debt Service,0.0,0.0,0.0,0.0,0.0,0.0,Finance,Finance & Administration,Employee Benefits,0
Materials/Equip.,0.0,0.0,0.0,0.0,0.0,0.0,Finance,Finance & Administration,Employee Benefits,0
Payments to Other Funds,0.0,0.0,0.0,0.0,0.0,0.0,Finance,Finance & Administration,Employee Benefits,0
Personal Services,1287159003.0,1434553835.0,1501975576.0,1568556052.0,1619677604.0,1675168998.0,Finance,Finance & Administration,Employee Benefits,1411963002
Purchase of Services,0.0,0.0,0.0,0.0,0.0,0.0,Finance,Finance & Administration,Employee Benefits,0
Advances & Misc.,0.0,0.0,0.0,0.0,0.0,0.0,Finance,Education,Hero Awards,0
Contrib./Indemnities,25000.0,25000.0,25000.0,25000.0,25000.0,25000.0,Finance,Education,Hero Awards,25000
Debt Service,0.0,0.0,0.0,0.0,0.0,0.0,Finance,Education,Hero Awards,0
Materials/Equip.,0.0,0.0,0.0,0.0,0.0,0.0,Finance,Education,Hero Awards,0
Payments to Other Funds,0.0,0.0,0.0,0.0,0.0,0.0,Finance,Education,Hero Awards,0
Personal Services,0.0,0.0,0.0,0.0,0.0,0.0,Finance,Education,Hero Awards,0
Purchase of Services,0.0,0.0,0.0,0.0,0.0,0.0,Finance,Education,Hero Awards,0
Advances & Misc.,0.0,0.0,0.0,0.0,0.0,0.0,Finance,Finance & Administration,Indemnities,0
Contrib./Indemnities,49246000.0,49246000.0,49246000.0,49246000.0,49246000.0,49246000.0,Finance,Finance & Administration,Indemnities,49246000
Debt Service,0.0,0.0,0.0,0.0,0.0,0.0,Finance,Finance & Administration,Indemnities,0
Materials/Equip.,0.0,0.0,0.0,0.0,0.0,0.0,Finance,Finance & Administration,Indemnities,0
Payments to Other Funds,0.0,0.0,0.0,0.0,0.0,0.0,Finance,Finance & Administration,Indemnities,0
Personal Services,0.0,0.0,0.0,0.0,0.0,0.0,Finance,Finance & Administration,Indemnities,0
Purchase of Services,0.0,0.0,0.0,0.0,0.0,0.0,Finance,Finance & Administration,Indemnities,0
Advances & Misc.,0.0,0.0,0.0,0.0,0.0,0.0,Finance,Finance & Administration,Refunds,0
Contrib./Indemnities,250000.0,250000.0,250000.0,250000.0,250000.0,250000.0,Finance,Finance & Administration,Refunds,250000
Debt Service,0.0,0.0,0.0,0.0,0.0,0.0,Finance,Finance & Administration,Refunds,0
Materials/Equip.,0.0,0.0,0.0,0.0,0.0,0.0,Finance,Finance & Administration,Refunds,0
Payments to Other Funds,0.0,0.0,0.0,0.0,0.0,0.0,Finance,Finance & Administration,Refunds,0
Personal Services,0.0,0.0,0.0,0.0,0.0,0.0,Finance,Finance & Administration,Refunds,0
Purchase of Services,0.0,0.0,0.0,0.0,0.0,0.0,Finance,Finance & Administration,Refunds,0
Advances & Misc.,0.0,0.0,0.0,0.0,0.0,0.0,Finance,Finance & Administration,Disability Reg #32 Payroll,0
Contrib./Indemnities,0.0,0.0,0.0,0.0,0.0,0.0,Finance,Finance & Administration,Disability Reg #32 Payroll,0
Debt Service,0.0,0.0,0.0,0.0,0.0,0.0,Finance,Finance & Administration,Disability Reg #32 Payroll,0
Materials/Equip.,0.0,0.0,0.0,0.0,0.0,0.0,Finance,Finance & Administration,Disability Reg #32 Payroll,0
Payments to Other Funds,0.0,0.0,0.0,0.0,0.0,0.0,Finance,Finance & Administration,Disability Reg #32 Payroll,0
Personal Services,2650000.0,2650000.0,2650000.0,2650000.0,2650000.0,2650000.0,Finance,Finance & Administration,Disability Reg #32 Payroll,2650000
Purchase of Services,0.0,0.0,0.0,0.0,0.0,0.0,Finance,Finance & Administration,Disability Reg #32 Payroll,0
Advances & Misc.,25000000.0,75000000.0,75000000.0,25000000.0,25000000.0,25000000.0,Finance,Budget Reserves,Recession Reserve,55108000
Contrib./Indemnities,0.0,0.0,0.0,0.0,0.0,0.0,Finance,Budget Reserves,Recession Reserve,0
Debt Service,0.0,0.0,0.0,0.0,0.0,0.0,Finance,Budget Reserves,Recession Reserve,0
Materials/Equip.,0.0,0.0,0.0,0.0,0.0,0.0,Finance,Budget Reserves,Recession Reserve,0
Payments to Other Funds,0.0,0.0,0.0,0.0,0.0,0.0,Finance,Budget Reserves,Recession Reserve,0
Personal Services,0.0,0.0,0.0,0.0,0.0,0.0,Finance,Budget Reserves,Recession Reserve,0
Purchase of Services,0.0,0.0,0.0,0.0,0.0,0.0,Finance,Budget Reserves,Recession Reserve,0
Advances & Misc.,0.0,0.0,0.0,0.0,0.0,0.0,Finance,Education,School District Contribution,0
Contrib./Indemnities,252578558.0,255953201.0,269953201.0,282052590.0,288191821.0,288191821.0,Finance,Education,School District Contribution,222456410
Debt Service,0.0,0.0,0.0,0.0,0.0,0.0,Finance,Education,School District Contribution,0
Materials/Equip.,0.0,0.0,0.0,0.0,0.0,0.0,Finance,Education,School District Contribution,0
Payments to Other Funds,0.0,0.0,0.0,0.0,0.0,0.0,Finance,Education,School District Contribution,0
Personal Services,0.0,0.0,0.0,0.0,0.0,0.0,Finance,Education,School District Contribution,0
Purchase of Services,0.0,0.0,0.0,0.0,0.0,0.0,Finance,Education,School District Contribution,0
Advances & Misc.,0.0,0.0,0.0,0.0,0.0,0.0,Finance,Finance & Administration,Witness Fees,0
Contrib./Indemnities,0.0,0.0,0.0,0.0,0.0,0.0,Finance,Finance & Administration,Witness Fees,0
Debt Service,0.0,0.0,0.0,0.0,0.0,0.0,Finance,Finance & Administration,Witness Fees,0
Materials/Equip.,0.0,0.0,0.0,0.0,0.0,0.0,Finance,Finance & Administration,Witness Fees,0
Payments to Other Funds,0.0,0.0,0.0,0.0,0.0,0.0,Finance,Finance & Administration,Witness Fees,0
Personal Services,0.0,0.0,0.0,0.0,0.0,0.0,Finance,Finance & Administration,Witness Fees,0
Purchase of Services,171518.0,171518.0,171518.0,171518.0,171518.0,171518.0,Finance,Finance & Administration,Witness Fees,171518
Advances & Misc.,0.0,0.0,0.0,0.0,0.0,0.0,Revenue,Finance & Administration,Revenue,0
Contrib./Indemnities,0.0,0.0,0.0,0.0,0.0,0.0,Revenue,Finance & Administration,Revenue,0
Debt Service,0.0,0.0,0.0,0.0,0.0,0.0,Revenue,Finance & Administration,Revenue,0
Materials/Equip.,774976.0,774976.0,774976.0,774976.0,774976.0,774976.0,Revenue,Finance & Administration,Revenue,1188976
Payments to Other Funds,0.0,0.0,0.0,0.0,0.0,0.0,Revenue,Finance & Administration,Revenue,0
Personal Services,22648673.0,20380548.0,20380548.0,20380548.0,20380548.0,20380548.0,Revenue,Finance & Administration,Revenue,23934508
Purchase of Services,5787749.0,6087749.0,6087749.0,6087749.0,6087749.0,6087749.0,Revenue,Finance & Administration,Revenue,7755749
Advances & Misc.,0.0,0.0,0.0,0.0,0.0,0.0,Debt Service,Finance & Administration,Debt Service,0
Contrib./Indemnities,0.0,0.0,0.0,0.0,0.0,0.0,Debt Service,Finance & Administration,Debt Service,0
Debt Service,185714117.0,192666858.0,204369866.26,234852447.0,247879034.0,261405499.0,Debt Service,Finance & Administration,Debt Service,187482819
Materials/Equip.,0.0,0.0,0.0,0.0,0.0,0.0,Debt Service,Finance & Administration,Debt Service,0
Payments to Other Funds,0.0,0.0,0.0,0.0,0.0,0.0,Debt Service,Finance & Administration,Debt Service,0
Personal Services,0.0,0.0,0.0,0.0,0.0,0.0,Debt Service,Finance & Administration,Debt Service,0
Purchase of Services,96918314.0,104560657.0,119241838.0,127412102.0,127134732.0,126250899.0,Debt Service,Finance & Administration,Debt Service,109222498
Advances & Misc.,0.0,0.0,0.0,0.0,0.0,0.0,Procurement,Finance & Administration,Procurement,0
Contrib./Indemnities,0.0,0.0,0.0,0.0,0.0,0.0,Procurement,Finance & Administration,Procurement,0
Debt Service,0.0,0.0,0.0,0.0,0.0,0.0,Procurement,Finance & Administration,Procurement,0
Materials/Equip.,40194.0,12359.0,12359.0,12359.0,12359.0,12359.0,Procurement,Finance & Administration,Procurement,49054
Payments to Other Funds,0.0,0.0,0.0,0.0,0.0,0.0,Procurement,Finance & Administration,Procurement,0
Personal Services,2436508.0,2648235.0,2648235.0,2648235.0,2648235.0,2648235.0,Procurement,Finance & Administration,Procurement,2709242
Purchase of Services,2283634.0,2795744.0,2804723.0,2812198.0,2812198.0,2812198.0,Procurement,Finance & Administration,Procurement,2916267
Advances & Misc.,0.0,0.0,0.0,0.0,0.0,0.0,City Treasurer,Finance & Administration,City Treasurer,0
Contrib./Indemnities,0.0,0.0,0.0,0.0,0.0,0.0,City Treasurer,Finance & Administration,City Treasurer,0
Debt Service,0.0,0.0,0.0,0.0,0.0,0.0,City Treasurer,Finance & Administration,City Treasurer,0
Materials/Equip.,22224.0,22224.0,22224.0,22224.0,22224.0,22224.0,City Treasurer,Finance & Administration,City Treasurer,22224
Payments to Other Funds,0.0,0.0,0.0,0.0,0.0,0.0,City Treasurer,Finance & Administration,City Treasurer,0
Personal Services,1368170.0,1395075.0,1395075.0,1395075.0,1395075.0,1395075.0,City Treasurer,Finance & Administration,City Treasurer,1262499
Purchase of Services,193544.0,193544.0,193544.0,193544.0,193544.0,193544.0,City Treasurer,Finance & Administration,City Treasurer,198444
Advances & Misc.,0.0,0.0,0.0,0.0,0.0,0.0,City Rep,City Development,City Representative,0
Contrib./Indemnities,0.0,0.0,0.0,0.0,0.0,0.0,City Rep,City Development,City Representative,0
Debt Service,0.0,0.0,0.0,0.0,0.0,0.0,City Rep,City Development,City Representative,0
Materials/Equip.,0.0,0.0,0.0,0.0,0.0,0.0,City Rep,City Development,City Representative,54000
Payments to Other Funds,0.0,0.0,0.0,0.0,0.0,0.0,City Rep,City Development,City Representative,0
Personal Services,0.0,0.0,0.0,0.0,0.0,0.0,City Rep,City Development,City Representative,795916
Purchase of Services,0.0,0.0,0.0,0.0,0.0,0.0,City Rep,City Development,City Representative,399779
Advances & Misc.,0.0,0.0,0.0,0.0,0.0,0.0,Commerce,City Development,Commerce,0
Contrib./Indemnities,0.0,0.0,0.0,0.0,0.0,0.0,Commerce,City Development,Commerce,500000
Debt Service,0.0,0.0,0.0,0.0,0.0,0.0,Commerce,City Development,Commerce,0
Materials/Equip.,26654.0,26654.0,26654.0,26654.0,26654.0,26654.0,Commerce,City Development,Commerce,26654
Payments to Other Funds,0.0,0.0,0.0,0.0,0.0,0.0,Commerce,City Development,Commerce,0
Personal Services,2394341.0,2714341.0,2714341.0,2714341.0,2714341.0,2714341.0,Commerce,City Development,Commerce,3469881
Purchase of Services,1216153.0,4657989.0,5057989.0,5057989.0,2061153.0,2061153.0,Commerce,City Development,Commerce,5854826
Advances & Misc.,0.0,0.0,0.0,0.0,0.0,0.0,Commerce,City Development,Convention Center Subsidy,0
Contrib./Indemnities,0.0,0.0,0.0,0.0,0.0,0.0,Commerce,City Development,Convention Center Subsidy,0
Debt Service,0.0,0.0,0.0,0.0,0.0,0.0,Commerce,City Development,Convention Center Subsidy,0
Materials/Equip.,0.0,0.0,0.0,0.0,0.0,0.0,Commerce,City Development,Convention Center Subsidy,0
Payments to Other Funds,0.0,0.0,0.0,0.0,0.0,0.0,Commerce,City Development,Convention Center Subsidy,0
Personal Services,0.0,0.0,0.0,0.0,0.0,0.0,Commerce,City Development,Convention Center Subsidy,0
Purchase of Services,15000000.0,15000000.0,15000000.0,15000000.0,15000000.0,15000000.0,Commerce,City Development,Convention Center Subsidy,15000000
Advances & Misc.,0.0,0.0,0.0,0.0,0.0,0.0,Commerce,City Development,Economic Stimulus,0
Contrib./Indemnities,0.0,0.0,0.0,0.0,0.0,0.0,Commerce,City Development,Economic Stimulus,0
Debt Service,0.0,0.0,0.0,0.0,0.0,0.0,Commerce,City Development,Economic Stimulus,0
Materials/Equip.,0.0,0.0,0.0,0.0,0.0,0.0,Commerce,City Development,Economic Stimulus,0
Payments to Other Funds,0.0,0.0,0.0,0.0,0.0,0.0,Commerce,City Development,Economic Stimulus,0
Personal Services,0.0,0.0,0.0,0.0,0.0,0.0,Commerce,City Development,Economic Stimulus,0
Purchase of Services,3015000.0,3015000.0,13015000.0,13015000.0,13015000.0,13015000.0,Commerce,City Development,Economic Stimulus,7671624
Advances & Misc.,0.0,0.0,0.0,0.0,0.0,0.0,Law,Finance & Administration,Law,0
Contrib./Indemnities,0.0,0.0,0.0,0.0,0.0,0.0,Law,Finance & Administration,Law,0
Debt Service,0.0,0.0,0.0,0.0,0.0,0.0,Law,Finance & Administration,Law,0
Materials/Equip.,184676.0,184676.0,184676.0,184676.0,184676.0,184676.0,Law,Finance & Administration,Law,248676
Payments to Other Funds,0.0,0.0,0.0,0.0,0.0,0.0,Law,Finance & Administration,Law,0
Personal Services,9520003.0,14452037.0,14502037.0,14552037.0,14552037.0,14552037.0,Law,Finance & Administration,Law,9427335
Purchase of Services,5309427.0,4668260.0,4668260.0,4668260.0,4668260.0,4668260.0,Law,Finance & Administration,Law,6409034
Advances & Misc.,0.0,0.0,0.0,0.0,0.0,0.0,Board of Ethics,Regulatory,Board of Ethics,0
Contrib./Indemnities,0.0,0.0,0.0,0.0,0.0,0.0,Board of Ethics,Regulatory,Board of Ethics,0
Debt Service,0.0,0.0,0.0,0.0,0.0,0.0,Board of Ethics,Regulatory,Board of Ethics,0
Materials/Equip.,7500.0,7500.0,7500.0,7500.0,7500.0,7500.0,Board of Ethics,Regulatory,Board of Ethics,7500
Payments to Other Funds,0.0,0.0,0.0,0.0,0.0,0.0,Board of Ethics,Regulatory,Board of Ethics,0
Personal Services,915196.0,915196.0,915196.0,915196.0,915196.0,915196.0,Board of Ethics,Regulatory,Board of Ethics,1041630
Purchase of Services,52500.0,52500.0,52500.0,52500.0,52500.0,52500.0,Board of Ethics,Regulatory,Board of Ethics,52500
Advances & Misc.,0.0,0.0,0.0,0.0,0.0,0.0,Inspector General,Regulatory,Inspector General,0
Contrib./Indemnities,0.0,0.0,0.0,0.0,0.0,0.0,Inspector General,Regulatory,Inspector General,0
Debt Service,0.0,0.0,0.0,0.0,0.0,0.0,Inspector General,Regulatory,Inspector General,0
Materials/Equip.,5225.0,5225.0,5225.0,5225.0,5225.0,5225.0,Inspector General,Regulatory,Inspector General,5225
Payments to Other Funds,0.0,0.0,0.0,0.0,0.0,0.0,Inspector General,Regulatory,Inspector General,0
Personal Services,1472481.0,1504223.0,1504223.0,1504223.0,1504223.0,1504223.0,Inspector General,Regulatory,Inspector General,1577241
Purchase of Services,97975.0,97975.0,97975.0,97975.0,97975.0,97975.0,Inspector General,Regulatory,Inspector General,97975
Advances & Misc.,0.0,0.0,0.0,0.0,0.0,0.0,Sustainability,Infrastructure Services,Sustainability,0
Contrib./Indemnities,0.0,0.0,0.0,0.0,0.0,0.0,Sustainability,Infrastructure Services,Sustainability,0
Debt Service,0.0,0.0,0.0,0.0,0.0,0.0,Sustainability,Infrastructure Services,Sustainability,0
Materials/Equip.,1000.0,1000.0,1000.0,1000.0,1000.0,1000.0,Sustainability,Infrastructure Services,Sustainability,17840
Payments to Other Funds,175000.0,175000.0,175000.0,175000.0,175000.0,175000.0,Sustainability,Infrastructure Services,Sustainability,250000
Personal Services,603814.0,722621.0,722621.0,722621.0,722621.0,722621.0,Sustainability,Infrastructure Services,Sustainability,551910
Purchase of Services,423366.0,473366.0,473366.0,473366.0,473366.0,423366.0,Sustainability,Infrastructure Services,Sustainability,393508
Advances & Misc.,0.0,0.0,0.0,0.0,0.0,0.0,Mural Arts,"Recreation, Arts & Culture",Mural Arts,0
Contrib./Indemnities,0.0,0.0,0.0,0.0,0.0,0.0,Mural Arts,"Recreation, Arts & Culture",Mural Arts,0
Debt Service,0.0,0.0,0.0,0.0,0.0,0.0,Mural Arts,"Recreation, Arts & Culture",Mural Arts,0
Materials/Equip.,0.0,0.0,0.0,0.0,0.0,0.0,Mural Arts,"Recreation, Arts & Culture",Mural Arts,0
Payments to Other Funds,0.0,0.0,0.0,0.0,0.0,0.0,Mural Arts,"Recreation, Arts & Culture",Mural Arts,0
Personal Services,578952.0,629992.0,629992.0,629992.0,629992.0,629992.0,Mural Arts,"Recreation, Arts & Culture",Mural Arts,638987
Purchase of Services,1545610.0,1695610.0,1695610.0,1695610.0,1695610.0,1695610.0,Mural Arts,"Recreation, Arts & Culture",Mural Arts,1860615
Advances & Misc.,0.0,0.0,0.0,0.0,0.0,0.0,Free Library,"Recreation, Arts & Culture",Free Library,0
Contrib./Indemnities,0.0,0.0,0.0,0.0,0.0,0.0,Free Library,"Recreation, Arts & Culture",Free Library,0
Debt Service,0.0,0.0,0.0,0.0,0.0,0.0,Free Library,"Recreation, Arts & Culture",Free Library,0
Materials/Equip.,1842128.0,1842128.0,1842128.0,1842128.0,1842128.0,1842128.0,Free Library,"Recreation, Arts & Culture",Free Library,2302659
Payments to Other Funds,0.0,0.0,0.0,0.0,0.0,0.0,Free Library,"Recreation, Arts & Culture",Free Library,0
Personal Services,35549343.0,38171857.0,38274463.0,38510459.0,38588565.0,38680541.0,Free Library,"Recreation, Arts & Culture",Free Library,40633647
Purchase of Services,2259262.0,2615022.0,2623916.0,2633033.0,2633033.0,2633033.0,Free Library,"Recreation, Arts & Culture",Free Library,2824077
Advances & Misc.,0.0,0.0,0.0,0.0,0.0,0.0,Human Relations ,Community Services,Human Relations Commission,0
Contrib./Indemnities,0.0,0.0,0.0,0.0,0.0,0.0,Human Relations ,Community Services,Human Relations Commission,0
Debt Service,0.0,0.0,0.0,0.0,0.0,0.0,Human Relations ,Community Services,Human Relations Commission,0
Materials/Equip.,28031.0,28031.0,28031.0,28031.0,28031.0,28031.0,Human Relations ,Community Services,Human Relations Commission,28031
Payments to Other Funds,0.0,0.0,0.0,0.0,0.0,0.0,Human Relations ,Community Services,Human Relations Commission,0
Personal Services,2360285.0,2325040.0,2325040.0,2325040.0,2325040.0,2325040.0,Human Relations ,Community Services,Human Relations Commission,2323714
Purchase of Services,34657.0,34657.0,34657.0,34657.0,34657.0,34657.0,Human Relations ,Community Services,Human Relations Commission,34657
Advances & Misc.,0.0,0.0,0.0,0.0,0.0,0.0,Civil Service Commission,Finance & Administration,Civil Service Commission,0
Contrib./Indemnities,0.0,0.0,0.0,0.0,0.0,0.0,Civil Service Commission,Finance & Administration,Civil Service Commission,0
Debt Service,0.0,0.0,0.0,0.0,0.0,0.0,Civil Service Commission,Finance & Administration,Civil Service Commission,0
Materials/Equip.,1094.0,1094.0,1094.0,1094.0,1094.0,1094.0,Civil Service Commission,Finance & Administration,Civil Service Commission,1094
Payments to Other Funds,0.0,0.0,0.0,0.0,0.0,0.0,Civil Service Commission,Finance & Administration,Civil Service Commission,0
Personal Services,177148.0,177148.0,177148.0,177148.0,177148.0,177148.0,Civil Service Commission,Finance & Administration,Civil Service Commission,174341
Purchase of Services,29500.0,29500.0,29500.0,29500.0,29500.0,29500.0,Civil Service Commission,Finance & Administration,Civil Service Commission,29500
Advances & Misc.,0.0,25000000.0,35000000.0,40000000.0,50000000.0,50000000.0,Civil Service Commission,Budget Reserves,Labor Reserve,0
Contrib./Indemnities,0.0,0.0,0.0,0.0,0.0,0.0,Civil Service Commission,Budget Reserves,Labor Reserve,0
Debt Service,0.0,0.0,0.0,0.0,0.0,0.0,Civil Service Commission,Budget Reserves,Labor Reserve,0
Materials/Equip.,0.0,0.0,0.0,0.0,0.0,0.0,Civil Service Commission,Budget Reserves,Labor Reserve,0
Payments to Other Funds,0.0,0.0,0.0,0.0,0.0,0.0,Civil Service Commission,Budget Reserves,Labor Reserve,0
Personal Services,0.0,0.0,0.0,0.0,0.0,0.0,Civil Service Commission,Budget Reserves,Labor Reserve,0
Purchase of Services,0.0,0.0,0.0,0.0,0.0,0.0,Civil Service Commission,Budget Reserves,Labor Reserve,0
Advances & Misc.,0.0,0.0,0.0,0.0,0.0,0.0,Human Resources,Finance & Administration,Human Resources,0
Contrib./Indemnities,0.0,0.0,0.0,0.0,0.0,0.0,Human Resources,Finance & Administration,Human Resources,0
Debt Service,0.0,0.0,0.0,0.0,0.0,0.0,Human Resources,Finance & Administration,Human Resources,0
Materials/Equip.,69432.0,69432.0,69432.0,69432.0,69432.0,69432.0,Human Resources,Finance & Administration,Human Resources,89432
Payments to Other Funds,0.0,0.0,0.0,0.0,0.0,0.0,Human Resources,Finance & Administration,Human Resources,0
Personal Services,5290733.0,5053802.0,5053802.0,5053802.0,5053802.0,5053802.0,Human Resources,Finance & Administration,Human Resources,5555785
Purchase of Services,877570.0,997570.0,747570.0,827570.0,827570.0,827570.0,Human Resources,Finance & Administration,Human Resources,1229070
Advances & Misc.,0.0,0.0,0.0,0.0,0.0,0.0,Arts & Culture,"Recreation, Arts & Culture","Arts, Culture, and the Creative Economy",0
Contrib./Indemnities,0.0,0.0,0.0,0.0,0.0,0.0,Arts & Culture,"Recreation, Arts & Culture","Arts, Culture, and the Creative Economy",3370688
Debt Service,0.0,0.0,0.0,0.0,0.0,0.0,Arts & Culture,"Recreation, Arts & Culture","Arts, Culture, and the Creative Economy",0
Materials/Equip.,0.0,0.0,0.0,0.0,0.0,0.0,Arts & Culture,"Recreation, Arts & Culture","Arts, Culture, and the Creative Economy",7000
Payments to Other Funds,0.0,0.0,0.0,0.0,0.0,0.0,Arts & Culture,"Recreation, Arts & Culture","Arts, Culture, and the Creative Economy",0
Personal Services,0.0,0.0,0.0,0.0,0.0,0.0,Arts & Culture,"Recreation, Arts & Culture","Arts, Culture, and the Creative Economy",508300
Purchase of Services,0.0,0.0,0.0,0.0,0.0,0.0,Arts & Culture,"Recreation, Arts & Culture","Arts, Culture, and the Creative Economy",212014
Advances & Misc.,0.0,0.0,0.0,0.0,0.0,0.0,Property Assessment,Regulatory,Property Assessment,0
Contrib./Indemnities,0.0,0.0,0.0,0.0,0.0,0.0,Property Assessment,Regulatory,Property Assessment,0
Debt Service,0.0,0.0,0.0,0.0,0.0,0.0,Property Assessment,Regulatory,Property Assessment,0
Materials/Equip.,762600.0,362600.0,362600.0,362600.0,362600.0,362600.0,Property Assessment,Regulatory,Property Assessment,787600
Payments to Other Funds,0.0,0.0,0.0,0.0,0.0,0.0,Property Assessment,Regulatory,Property Assessment,0
Personal Services,12918061.0,14395213.0,14395213.0,14395213.0,14395213.0,14395213.0,Property Assessment,Regulatory,Property Assessment,14127682
Purchase of Services,2420632.0,2026020.0,1926020.0,1926020.0,1926020.0,1926020.0,Property Assessment,Regulatory,Property Assessment,2403126
Advances & Misc.,0.0,0.0,0.0,0.0,0.0,0.0,City Controller,Regulatory,City Controller,0
Contrib./Indemnities,0.0,0.0,0.0,0.0,0.0,0.0,City Controller,Regulatory,City Controller,0
Debt Service,0.0,0.0,0.0,0.0,0.0,0.0,City Controller,Regulatory,City Controller,0
Materials/Equip.,25000.0,25000.0,25000.0,25000.0,25000.0,25000.0,City Controller,Regulatory,City Controller,25000
Payments to Other Funds,0.0,0.0,0.0,0.0,0.0,0.0,City Controller,Regulatory,City Controller,0
Personal Services,9045839.0,8955839.0,8955839.0,8955839.0,8955839.0,8955839.0,City Controller,Regulatory,City Controller,8862100
Purchase of Services,497450.0,497450.0,497450.0,497450.0,497450.0,497450.0,City Controller,Regulatory,City Controller,497450
Advances & Misc.,0.0,0.0,0.0,0.0,0.0,0.0,Revision of Taxes,Regulatory,Board of Revision of Taxes,0
Contrib./Indemnities,0.0,0.0,0.0,0.0,0.0,0.0,Revision of Taxes,Regulatory,Board of Revision of Taxes,0
Debt Service,0.0,0.0,0.0,0.0,0.0,0.0,Revision of Taxes,Regulatory,Board of Revision of Taxes,0
Materials/Equip.,17727.0,17727.0,17727.0,17727.0,17727.0,17727.0,Revision of Taxes,Regulatory,Board of Revision of Taxes,22727
Payments to Other Funds,0.0,0.0,0.0,0.0,0.0,0.0,Revision of Taxes,Regulatory,Board of Revision of Taxes,0
Personal Services,987587.0,997835.0,997835.0,997835.0,997835.0,997835.0,Revision of Taxes,Regulatory,Board of Revision of Taxes,962864
Purchase of Services,37900.0,37900.0,37900.0,37900.0,37900.0,37900.0,Revision of Taxes,Regulatory,Board of Revision of Taxes,75200
Advances & Misc.,0.0,0.0,0.0,0.0,0.0,0.0,Chief Admin. Officer,Finance & Administration,Chief Administrative Officer,0
Contrib./Indemnities,0.0,0.0,0.0,0.0,0.0,0.0,Chief Admin. Officer,Finance & Administration,Chief Administrative Officer,0
Debt Service,0.0,0.0,0.0,0.0,0.0,0.0,Chief Admin. Officer,Finance & Administration,Chief Administrative Officer,0
Materials/Equip.,26665.0,2016665.0,2016665.0,16665.0,16665.0,16665.0,Chief Admin. Officer,Finance & Administration,Chief Administrative Officer,26665
Payments to Other Funds,0.0,0.0,0.0,0.0,0.0,0.0,Chief Admin. Officer,Finance & Administration,Chief Administrative Officer,0
Personal Services,4256565.0,5062173.0,5002173.0,5002173.0,5002173.0,5002173.0,Chief Admin. Officer,Finance & Administration,Chief Administrative Officer,4784551
Purchase of Services,2050549.0,3865698.0,3865698.0,3865698.0,3865698.0,3865698.0,Chief Admin. Officer,Finance & Administration,Chief Administrative Officer,2627049
Advances & Misc.,0.0,0.0,0.0,0.0,0.0,0.0,Children and Families,Education,Children and Families,0
Contrib./Indemnities,0.0,0.0,0.0,0.0,0.0,0.0,Children and Families,Education,Children and Families,0
Debt Service,0.0,0.0,0.0,0.0,0.0,0.0,Children and Families,Education,Children and Families,0
Materials/Equip.,0.0,0.0,0.0,0.0,0.0,0.0,Children and Families,Education,Children and Families,42000
Payments to Other Funds,0.0,0.0,0.0,0.0,0.0,0.0,Children and Families,Education,Children and Families,0
Personal Services,418820.0,442000.0,442000.0,442000.0,442000.0,442000.0,Children and Families,Education,Children and Families,3292180
Purchase of Services,0.0,0.0,0.0,0.0,0.0,0.0,Children and Families,Education,Children and Families,42015834
Advances & Misc.,0.0,0.0,0.0,0.0,0.0,0.0,Register of Wills,Finance & Administration,Register of Wills,0
Contrib./Indemnities,0.0,0.0,0.0,0.0,0.0,0.0,Register of Wills,Finance & Administration,Register of Wills,0
Debt Service,0.0,0.0,0.0,0.0,0.0,0.0,Register of Wills,Finance & Administration,Register of Wills,0
Materials/Equip.,140236.0,140236.0,140236.0,140236.0,140236.0,140236.0,Register of Wills,Finance & Administration,Register of Wills,140236
Payments to Other Funds,0.0,0.0,0.0,0.0,0.0,0.0,Register of Wills,Finance & Administration,Register of Wills,0
Personal Services,3956193.0,3856193.0,3856193.0,3856193.0,3856193.0,3856193.0,Register of Wills,Finance & Administration,Register of Wills,4286409
Purchase of Services,125000.0,125000.0,125000.0,125000.0,125000.0,125000.0,Register of Wills,Finance & Administration,Register of Wills,125000
Advances & Misc.,0.0,0.0,0.0,0.0,0.0,0.0,District Attorney,Public Safety,District Attorney,0
Contrib./Indemnities,0.0,0.0,0.0,0.0,0.0,0.0,District Attorney,Public Safety,District Attorney,0
Debt Service,0.0,0.0,0.0,0.0,0.0,0.0,District Attorney,Public Safety,District Attorney,0
Materials/Equip.,420017.0,525017.0,525017.0,525017.0,525017.0,525017.0,District Attorney,Public Safety,District Attorney,525021
Payments to Other Funds,0.0,0.0,0.0,0.0,0.0,0.0,District Attorney,Public Safety,District Attorney,0
Personal Services,30262904.0,36562904.0,36562904.0,36562904.0,36562904.0,36562904.0,District Attorney,Public Safety,District Attorney,35016343
Purchase of Services,2693738.0,3343738.0,3343738.0,3343738.0,3343738.0,3343738.0,District Attorney,Public Safety,District Attorney,3367172
Advances & Misc.,0.0,0.0,0.0,0.0,0.0,0.0,Sheriff,Public Safety,Sheriff,0
Contrib./Indemnities,0.0,0.0,0.0,0.0,0.0,0.0,Sheriff,Public Safety,Sheriff,0
Debt Service,0.0,0.0,0.0,0.0,0.0,0.0,Sheriff,Public Safety,Sheriff,0
Materials/Equip.,498157.0,498157.0,498157.0,498157.0,498157.0,498157.0,Sheriff,Public Safety,Sheriff,708907
Payments to Other Funds,0.0,0.0,0.0,0.0,0.0,0.0,Sheriff,Public Safety,Sheriff,0
Personal Services,25192450.0,25192450.0,25192450.0,25192450.0,25192450.0,25192450.0,Sheriff,Public Safety,Sheriff,25443537
Purchase of Services,1105267.0,1105267.0,1105267.0,1105267.0,1105267.0,1105267.0,Sheriff,Public Safety,Sheriff,894517
Advances & Misc.,0.0,0.0,0.0,0.0,0.0,0.0,Planning & Development,City Development,Planning & Development,0
Contrib./Indemnities,0.0,0.0,0.0,0.0,0.0,0.0,Planning & Development,City Development,Planning & Development,1350000
Debt Service,0.0,0.0,0.0,0.0,0.0,0.0,Planning & Development,City Development,Planning & Development,0
Materials/Equip.,80761.0,80761.0,80761.0,80761.0,80761.0,80761.0,Planning & Development,City Development,Planning & Development,101461
Payments to Other Funds,0.0,0.0,0.0,0.0,0.0,0.0,Planning & Development,City Development,Planning & Development,0
Personal Services,4834959.0,4873604.0,4873604.0,4873604.0,4873604.0,4873604.0,Planning & Development,City Development,Planning & Development,5167172
Purchase of Services,3619463.0,3619463.0,3589463.0,3589463.0,3589463.0,3589463.0,Planning & Development,City Development,Planning & Development,5192113
Advances & Misc.,0.0,0.0,0.0,0.0,0.0,0.0,City Commissioners,Legislative & Elections,City Commissioners,0
Contrib./Indemnities,0.0,0.0,0.0,0.0,0.0,0.0,City Commissioners,Legislative & Elections,City Commissioners,0
Debt Service,0.0,0.0,0.0,0.0,0.0,0.0,City Commissioners,Legislative & Elections,City Commissioners,0
Materials/Equip.,572617.0,2771217.0,2771217.0,2802217.0,3066183.0,2802217.0,City Commissioners,Legislative & Elections,City Commissioners,572617
Payments to Other Funds,0.0,0.0,0.0,0.0,0.0,0.0,City Commissioners,Legislative & Elections,City Commissioners,0
Personal Services,6714174.0,8413534.0,8413534.0,8413534.0,8413534.0,8413534.0,City Commissioners,Legislative & Elections,City Commissioners,6633233
Purchase of Services,5011061.0,6862101.0,6862101.0,6967101.0,10449965.0,6967101.0,City Commissioners,Legislative & Elections,City Commissioners,5011061
Advances & Misc.,0.0,0.0,0.0,0.0,0.0,0.0,First Judicial District,Public Safety,First Judicial District,0
Contrib./Indemnities,0.0,0.0,0.0,0.0,0.0,0.0,First Judicial District,Public Safety,First Judicial District,0
Debt Service,0.0,0.0,0.0,0.0,0.0,0.0,First Judicial District,Public Safety,First Judicial District,0
Materials/Equip.,2231868.0,2231868.0,2231868.0,2231868.0,2231868.0,2231868.0,First Judicial District,Public Safety,First Judicial District,2231868
Payments to Other Funds,0.0,0.0,0.0,0.0,0.0,0.0,First Judicial District,Public Safety,First Judicial District,0
Personal Services,105324122.0,104868556.0,104868556.0,104868556.0,104868556.0,104868556.0,First Judicial District,Public Safety,First Judicial District,104792068
Purchase of Services,8480039.0,8643039.0,8643039.0,8643039.0,8643039.0,8643039.0,First Judicial District,Public Safety,First Judicial District,8480039
