2021 (Adopted),2022 (Adopted),2022 (Proposed),2020 (Adopted),category_code_description,dept_name,major_class_description,name
100.0,100.0,100.0,100,Legislative & Elections,City Council,Advances & Misc.,City Council
25000100.0,100.0,100.0,100,Legislative & Elections,City Council,Contrib./Indemnities,City Council
0.0,0.0,0.0,0,Legislative & Elections,City Council,Debt Service,City Council
428650.0,528650.0,528650.0,528650,Legislative & Elections,City Council,Materials/Equip.,City Council
100.0,100.0,100.0,100,Legislative & Elections,City Council,Payments to Other Funds,City Council
14877138.0,15627138.0,15379138.0,15427138,Legislative & Elections,City Council,Personal Services,City Council
1976885.0,2521885.0,2121885.0,1971885,Legislative & Elections,City Council,Purchase of Services,City Council
0.0,0.0,0.0,0,Finance & Administration,Labor,Advances & Misc.,Labor
0.0,0.0,0.0,0,Finance & Administration,Labor,Contrib./Indemnities,Labor
0.0,0.0,0.0,0,Finance & Administration,Labor,Debt Service,Labor
86420.0,21420.0,21420.0,68460,Finance & Administration,Labor,Materials/Equip.,Labor
0.0,0.0,0.0,0,Finance & Administration,Labor,Payments to Other Funds,Labor
2395467.0,2939422.0,2939422.0,2065091,Finance & Administration,Labor,Personal Services,Labor
357217.0,352817.0,352817.0,321277,Finance & Administration,Labor,Purchase of Services,Labor
0.0,0.0,0.0,0,Finance & Administration,Innovation and Technology,Advances & Misc.,Innovation and Technology
0.0,0.0,0.0,0,Finance & Administration,Innovation and Technology,Contrib./Indemnities,Innovation and Technology
0.0,0.0,0.0,0,Finance & Administration,Innovation and Technology,Debt Service,Innovation and Technology
6396428.0,3229295.0,2983610.0,5931046,Finance & Administration,Innovation and Technology,Materials/Equip.,Innovation and Technology
0.0,0.0,0.0,0,Finance & Administration,Innovation and Technology,Payments to Other Funds,Innovation and Technology
22822147.0,26789649.0,29657871.0,22462148,Finance & Administration,Innovation and Technology,Personal Services,Innovation and Technology
46576598.0,48768639.0,48514689.0,42805345,Finance & Administration,Innovation and Technology,Purchase of Services,Innovation and Technology
0.0,0.0,0.0,0,Finance & Administration,Innovation and Technology,Advances & Misc.,OIT: 911
0.0,0.0,0.0,0,Finance & Administration,Innovation and Technology,Contrib./Indemnities,OIT: 911
0.0,0.0,0.0,0,Finance & Administration,Innovation and Technology,Debt Service,OIT: 911
23064399.0,8064399.0,8064399.0,13537978,Finance & Administration,Innovation and Technology,Materials/Equip.,OIT: 911
0.0,0.0,0.0,0,Finance & Administration,Innovation and Technology,Payments to Other Funds,OIT: 911
1341547.0,1341547.0,1341547.0,1416547,Finance & Administration,Innovation and Technology,Personal Services,OIT: 911
29159009.0,21928631.0,21928631.0,26280561,Finance & Administration,Innovation and Technology,Purchase of Services,OIT: 911
0.0,0.0,0.0,0,Finance & Administration,Mayor,Advances & Misc.,Mayor
0.0,0.0,0.0,0,Finance & Administration,Mayor,Contrib./Indemnities,Mayor
0.0,0.0,0.0,0,Finance & Administration,Mayor,Debt Service,Mayor
41341.0,41341.0,41341.0,34841,Finance & Administration,Mayor,Materials/Equip.,Mayor
0.0,0.0,0.0,0,Finance & Administration,Mayor,Payments to Other Funds,Mayor
5775991.0,5892600.0,5892600.0,5393827,Finance & Administration,Mayor,Personal Services,Mayor
646260.0,780260.0,780260.0,684965,Finance & Administration,Mayor,Purchase of Services,Mayor
0.0,0.0,0.0,0,Education,Mayor,Advances & Misc.,Mayor: Scholarships
100000.0,100000.0,100000.0,200000,Education,Mayor,Contrib./Indemnities,Mayor: Scholarships
0.0,0.0,0.0,0,Education,Mayor,Debt Service,Mayor: Scholarships
0.0,0.0,0.0,0,Education,Mayor,Materials/Equip.,Mayor: Scholarships
0.0,0.0,0.0,0,Education,Mayor,Payments to Other Funds,Mayor: Scholarships
0.0,0.0,0.0,0,Education,Mayor,Personal Services,Mayor: Scholarships
0.0,0.0,0.0,0,Education,Mayor,Purchase of Services,Mayor: Scholarships
0.0,0.0,0.0,0,Community Services,Community Empowerment,Advances & Misc.,Community Empowerment and Opportunity
0.0,0.0,0.0,0,Community Services,Community Empowerment,Contrib./Indemnities,Community Empowerment and Opportunity
0.0,0.0,0.0,0,Community Services,Community Empowerment,Debt Service,Community Empowerment and Opportunity
0.0,0.0,0.0,0,Community Services,Community Empowerment,Materials/Equip.,Community Empowerment and Opportunity
0.0,0.0,0.0,0,Community Services,Community Empowerment,Payments to Other Funds,Community Empowerment and Opportunity
45000.0,45000.0,45000.0,90000,Community Services,Community Empowerment,Personal Services,Community Empowerment and Opportunity
0.0,1464000.0,0.0,0,Community Services,Community Empowerment,Purchase of Services,Community Empowerment and Opportunity
0.0,0.0,0.0,0,Finance & Administration,Managing Director,Advances & Misc.,Managing Director
1350000.0,3300000.0,2500000.0,0,Finance & Administration,Managing Director,Contrib./Indemnities,Managing Director
0.0,0.0,0.0,0,Finance & Administration,Managing Director,Debt Service,Managing Director
1556787.0,4509265.0,4059265.0,1136979,Finance & Administration,Managing Director,Materials/Equip.,Managing Director
0.0,0.0,0.0,0,Finance & Administration,Managing Director,Payments to Other Funds,Managing Director
36119907.0,43754013.0,42224013.0,23170579,Finance & Administration,Managing Director,Personal Services,Managing Director
31588550.0,74021183.0,44477850.0,30973162,Finance & Administration,Managing Director,Purchase of Services,Managing Director
0.0,0.0,0.0,0,Finance & Administration,Managing Director,Advances & Misc.,MDO: Legal Services
0.0,0.0,0.0,0,Finance & Administration,Managing Director,Contrib./Indemnities,MDO: Legal Services
0.0,0.0,0.0,0,Finance & Administration,Managing Director,Debt Service,MDO: Legal Services
0.0,0.0,0.0,0,Finance & Administration,Managing Director,Materials/Equip.,MDO: Legal Services
0.0,0.0,0.0,0,Finance & Administration,Managing Director,Payments to Other Funds,MDO: Legal Services
0.0,0.0,0.0,0,Finance & Administration,Managing Director,Personal Services,MDO: Legal Services
50104181.0,52404449.0,50938782.0,50938541,Finance & Administration,Managing Director,Purchase of Services,MDO: Legal Services
0.0,0.0,0.0,0,Public Safety,Police,Advances & Misc.,Police
0.0,0.0,0.0,0,Public Safety,Police,Contrib./Indemnities,Police
0.0,0.0,0.0,0,Public Safety,Police,Debt Service,Police
12794012.0,14579952.0,12239952.0,14452710,Public Safety,Police,Materials/Equip.,Police
0.0,0.0,0.0,0,Public Safety,Police,Payments to Other Funds,Police
704077967.0,704349409.0,704349409.0,718359324,Public Safety,Police,Personal Services,Police
10135755.0,10418373.0,10418373.0,8353063,Public Safety,Police,Purchase of Services,Police
0.0,0.0,0.0,0,Infrastructure Services,Streets,Advances & Misc.,Streets
53171.0,53171.0,53171.0,53171,Infrastructure Services,Streets,Contrib./Indemnities,Streets
0.0,0.0,0.0,0,Infrastructure Services,Streets,Debt Service,Streets
6172885.0,14215207.0,14215207.0,7704196,Infrastructure Services,Streets,Materials/Equip.,Streets
0.0,0.0,0.0,0,Infrastructure Services,Streets,Payments to Other Funds,Streets
87283619.0,90986330.0,90986330.0,90464913,Infrastructure Services,Streets,Personal Services,Streets
59512680.0,68179925.0,68179925.0,58810652,Infrastructure Services,Streets,Purchase of Services,Streets
0.0,0.0,0.0,0,Public Safety,Fire,Advances & Misc.,Fire
0.0,0.0,0.0,0,Public Safety,Fire,Contrib./Indemnities,Fire
0.0,0.0,0.0,0,Public Safety,Fire,Debt Service,Fire
9192914.0,11275064.0,11275064.0,8831714,Public Safety,Fire,Materials/Equip.,Fire
9882000.0,10071000.0,10071000.0,9235000,Public Safety,Fire,Payments to Other Funds,Fire
289256642.0,332992022.0,332992022.0,273966292,Public Safety,Fire,Personal Services,Fire
6724702.0,6728143.0,6728143.0,6516272,Public Safety,Fire,Purchase of Services,Fire
0.0,0.0,0.0,0,Community Services,Public Health,Advances & Misc.,Public Health
0.0,0.0,0.0,0,Community Services,Public Health,Contrib./Indemnities,Public Health
0.0,0.0,0.0,0,Community Services,Public Health,Debt Service,Public Health
6768973.0,7366053.0,7366053.0,7519148,Community Services,Public Health,Materials/Equip.,Public Health
4423404.0,923404.0,923404.0,4500000,Community Services,Public Health,Payments to Other Funds,Public Health
57654465.0,59267291.0,58752291.0,58328165,Community Services,Public Health,Personal Services,Public Health
90506143.0,95447448.0,95447448.0,90224827,Community Services,Public Health,Purchase of Services,Public Health
0.0,0.0,0.0,0,Community Services,Behavioral Health,Advances & Misc.,Behavioral Health
0.0,0.0,0.0,0,Community Services,Behavioral Health,Contrib./Indemnities,Behavioral Health
0.0,0.0,0.0,0,Community Services,Behavioral Health,Debt Service,Behavioral Health
0.0,43200.0,43200.0,0,Community Services,Behavioral Health,Materials/Equip.,Behavioral Health
0.0,0.0,0.0,0,Community Services,Behavioral Health,Payments to Other Funds,Behavioral Health
1546510.0,2980922.0,2980922.0,1534468,Community Services,Behavioral Health,Personal Services,Behavioral Health
13930892.0,20522810.0,20522810.0,14360976,Community Services,Behavioral Health,Purchase of Services,Behavioral Health
0.0,0.0,0.0,0,"Recreation, Arts & Culture",Parks & Rec,Advances & Misc.,Parks & Rec
1500000.0,2000000.0,1500000.0,2711000,"Recreation, Arts & Culture",Parks & Rec,Contrib./Indemnities,Parks & Rec
0.0,0.0,0.0,0,"Recreation, Arts & Culture",Parks & Rec,Debt Service,Parks & Rec
2022225.0,2552225.0,2552225.0,2740630,"Recreation, Arts & Culture",Parks & Rec,Materials/Equip.,Parks & Rec
0.0,0.0,0.0,0,"Recreation, Arts & Culture",Parks & Rec,Payments to Other Funds,Parks & Rec
46921787.0,52352786.0,52352786.0,52490935,"Recreation, Arts & Culture",Parks & Rec,Personal Services,Parks & Rec
4482142.0,5659542.0,5659542.0,7115490,"Recreation, Arts & Culture",Parks & Rec,Purchase of Services,Parks & Rec
0.0,0.0,0.0,0,"Recreation, Arts & Culture",Atwater Kent,Advances & Misc.,Atwater Kent
0.0,0.0,0.0,0,"Recreation, Arts & Culture",Atwater Kent,Contrib./Indemnities,Atwater Kent
0.0,0.0,0.0,0,"Recreation, Arts & Culture",Atwater Kent,Debt Service,Atwater Kent
0.0,0.0,0.0,0,"Recreation, Arts & Culture",Atwater Kent,Materials/Equip.,Atwater Kent
0.0,0.0,0.0,0,"Recreation, Arts & Culture",Atwater Kent,Payments to Other Funds,Atwater Kent
0.0,0.0,0.0,0,"Recreation, Arts & Culture",Atwater Kent,Personal Services,Atwater Kent
0.0,0.0,0.0,0,"Recreation, Arts & Culture",Atwater Kent,Purchase of Services,Atwater Kent
0.0,0.0,0.0,0,Infrastructure Services,Public Property,Advances & Misc.,Public Property
0.0,0.0,0.0,0,Infrastructure Services,Public Property,Contrib./Indemnities,Public Property
0.0,0.0,0.0,0,Infrastructure Services,Public Property,Debt Service,Public Property
1338535.0,1338535.0,1338535.0,1338535,Infrastructure Services,Public Property,Materials/Equip.,Public Property
28235000.0,26262470.0,26262470.0,26643000,Infrastructure Services,Public Property,Payments to Other Funds,Public Property
10101149.0,10098527.0,10098527.0,9395654,Infrastructure Services,Public Property,Personal Services,Public Property
30549657.0,35725814.0,35725814.0,31314408,Infrastructure Services,Public Property,Purchase of Services,Public Property
0.0,0.0,0.0,0,Infrastructure Services,Public Property,Advances & Misc.,Space Rentals
0.0,0.0,0.0,0,Infrastructure Services,Public Property,Contrib./Indemnities,Space Rentals
0.0,0.0,0.0,0,Infrastructure Services,Public Property,Debt Service,Space Rentals
0.0,0.0,0.0,0,Infrastructure Services,Public Property,Materials/Equip.,Space Rentals
0.0,0.0,0.0,0,Infrastructure Services,Public Property,Payments to Other Funds,Space Rentals
0.0,0.0,0.0,0,Infrastructure Services,Public Property,Personal Services,Space Rentals
25567715.0,30631626.0,30249634.0,26278677,Infrastructure Services,Public Property,Purchase of Services,Space Rentals
0.0,0.0,0.0,0,Infrastructure Services,Public Property,Advances & Misc.,SEPTA Subsidy
0.0,0.0,0.0,0,Infrastructure Services,Public Property,Contrib./Indemnities,SEPTA Subsidy
0.0,0.0,0.0,0,Infrastructure Services,Public Property,Debt Service,SEPTA Subsidy
0.0,0.0,0.0,0,Infrastructure Services,Public Property,Materials/Equip.,SEPTA Subsidy
0.0,0.0,0.0,0,Infrastructure Services,Public Property,Payments to Other Funds,SEPTA Subsidy
0.0,0.0,0.0,0,Infrastructure Services,Public Property,Personal Services,SEPTA Subsidy
84608000.0,91214000.0,91214000.0,87556000,Infrastructure Services,Public Property,Purchase of Services,SEPTA Subsidy
0.0,0.0,0.0,0,Infrastructure Services,Public Property,Advances & Misc.,Utilities
0.0,0.0,0.0,0,Infrastructure Services,Public Property,Contrib./Indemnities,Utilities
0.0,0.0,0.0,0,Infrastructure Services,Public Property,Debt Service,Utilities
0.0,0.0,0.0,0,Infrastructure Services,Public Property,Materials/Equip.,Utilities
0.0,0.0,0.0,0,Infrastructure Services,Public Property,Payments to Other Funds,Utilities
0.0,0.0,0.0,0,Infrastructure Services,Public Property,Personal Services,Utilities
25447623.0,24875748.0,24875748.0,27393339,Infrastructure Services,Public Property,Purchase of Services,Utilities
0.0,0.0,0.0,0,Community Services,Human Services,Advances & Misc.,Human Services
0.0,1393638.0,1393638.0,0,Community Services,Human Services,Contrib./Indemnities,Human Services
0.0,0.0,0.0,0,Community Services,Human Services,Debt Service,Human Services
2111970.0,2111970.0,2111970.0,2069970,Community Services,Human Services,Materials/Equip.,Human Services
0.0,0.0,0.0,0,Community Services,Human Services,Payments to Other Funds,Human Services
31673433.42,32182866.42,32182866.42,27646449,Community Services,Human Services,Personal Services,Human Services
129305230.0,142585334.0,140710334.0,89248594,Community Services,Human Services,Purchase of Services,Human Services
0.0,0.0,0.0,0,Public Safety,Prisons,Advances & Misc.,Prisons
1201757.0,1201757.0,1201757.0,1201757,Public Safety,Prisons,Contrib./Indemnities,Prisons
0.0,0.0,0.0,0,Public Safety,Prisons,Debt Service,Prisons
4016769.0,5499455.0,5499455.0,4373744,Public Safety,Prisons,Materials/Equip.,Prisons
0.0,0.0,0.0,0,Public Safety,Prisons,Payments to Other Funds,Prisons
126599446.0,132739167.0,126635188.0,139765668,Public Safety,Prisons,Personal Services,Prisons
88351948.0,98210934.0,97960934.0,92842354,Public Safety,Prisons,Purchase of Services,Prisons
0.0,0.0,0.0,0,Community Services,Homeless Services,Advances & Misc.,Homeless Services
32421.0,32421.0,32421.0,32421,Community Services,Homeless Services,Contrib./Indemnities,Homeless Services
0.0,0.0,0.0,0,Community Services,Homeless Services,Debt Service,Homeless Services
344127.0,344127.0,344127.0,344127,Community Services,Homeless Services,Materials/Equip.,Homeless Services
0.0,0.0,0.0,0,Community Services,Homeless Services,Payments to Other Funds,Homeless Services
8068689.0,9307467.0,9307467.0,9545748,Community Services,Homeless Services,Personal Services,Homeless Services
35593350.0,45637327.0,45637327.0,50023423,Community Services,Homeless Services,Purchase of Services,Homeless Services
0.0,0.0,0.0,0,Finance & Administration,Fleet,Advances & Misc.,Fleet
0.0,0.0,0.0,0,Finance & Administration,Fleet,Contrib./Indemnities,Fleet
0.0,0.0,0.0,0,Finance & Administration,Fleet,Debt Service,Fleet
22376873.0,20684642.0,20684642.0,25391767,Finance & Administration,Fleet,Materials/Equip.,Fleet
0.0,0.0,0.0,0,Finance & Administration,Fleet,Payments to Other Funds,Fleet
19073455.0,19260680.0,18695138.0,19416871,Finance & Administration,Fleet,Personal Services,Fleet
5353396.0,5401396.0,5401396.0,5305396,Finance & Administration,Fleet,Purchase of Services,Fleet
0.0,0.0,0.0,0,Finance & Administration,Fleet,Advances & Misc.,Vehicle Purchases/Leases
0.0,0.0,0.0,0,Finance & Administration,Fleet,Contrib./Indemnities,Vehicle Purchases/Leases
0.0,0.0,0.0,0,Finance & Administration,Fleet,Debt Service,Vehicle Purchases/Leases
9797739.0,9745852.0,9307852.0,17286549,Finance & Administration,Fleet,Materials/Equip.,Vehicle Purchases/Leases
0.0,0.0,0.0,0,Finance & Administration,Fleet,Payments to Other Funds,Vehicle Purchases/Leases
0.0,0.0,0.0,0,Finance & Administration,Fleet,Personal Services,Vehicle Purchases/Leases
0.0,0.0,0.0,0,Finance & Administration,Fleet,Purchase of Services,Vehicle Purchases/Leases
0.0,0.0,0.0,0,Regulatory,Licenses & Inspections,Advances & Misc.,Licenses & Inspections
0.0,0.0,0.0,0,Regulatory,Licenses & Inspections,Contrib./Indemnities,Licenses & Inspections
0.0,0.0,0.0,0,Regulatory,Licenses & Inspections,Debt Service,Licenses & Inspections
834475.0,834475.0,834475.0,911397,Regulatory,Licenses & Inspections,Materials/Equip.,Licenses & Inspections
0.0,0.0,0.0,0,Regulatory,Licenses & Inspections,Payments to Other Funds,Licenses & Inspections
23970217.0,24577968.0,24608806.0,25967209,Regulatory,Licenses & Inspections,Personal Services,Licenses & Inspections
13447002.0,13522002.0,13522002.0,14403945,Regulatory,Licenses & Inspections,Purchase of Services,Licenses & Inspections
0.0,0.0,0.0,0,Regulatory,Board of Review,Advances & Misc.,L&I: Board of Review
0.0,0.0,0.0,0,Regulatory,Board of Review,Contrib./Indemnities,L&I: Board of Review
0.0,0.0,0.0,0,Regulatory,Board of Review,Debt Service,L&I: Board of Review
0.0,0.0,0.0,0,Regulatory,Board of Review,Materials/Equip.,L&I: Board of Review
0.0,0.0,0.0,0,Regulatory,Board of Review,Payments to Other Funds,L&I: Board of Review
165635.0,165635.0,165635.0,163434,Regulatory,Board of Review,Personal Services,L&I: Board of Review
10436.0,10436.0,10436.0,10436,Regulatory,Board of Review,Purchase of Services,L&I: Board of Review
0.0,0.0,0.0,0,Regulatory,Board of Bldg. Stds.,Advances & Misc.,L&I: Board of Building Standards
0.0,0.0,0.0,0,Regulatory,Board of Bldg. Stds.,Contrib./Indemnities,L&I: Board of Building Standards
0.0,0.0,0.0,0,Regulatory,Board of Bldg. Stds.,Debt Service,L&I: Board of Building Standards
0.0,0.0,0.0,0,Regulatory,Board of Bldg. Stds.,Materials/Equip.,L&I: Board of Building Standards
0.0,0.0,0.0,0,Regulatory,Board of Bldg. Stds.,Payments to Other Funds,L&I: Board of Building Standards
82018.0,82018.0,82018.0,80366,Regulatory,Board of Bldg. Stds.,Personal Services,L&I: Board of Building Standards
0.0,0.0,0.0,0,Regulatory,Board of Bldg. Stds.,Purchase of Services,L&I: Board of Building Standards
0.0,0.0,0.0,0,Finance & Administration,Records,Advances & Misc.,Records
0.0,0.0,0.0,1456,Finance & Administration,Records,Contrib./Indemnities,Records
0.0,0.0,0.0,0,Finance & Administration,Records,Debt Service,Records
143758.0,143758.0,143758.0,143758,Finance & Administration,Records,Materials/Equip.,Records
0.0,0.0,0.0,0,Finance & Administration,Records,Payments to Other Funds,Records
3117312.0,3009970.0,3009970.0,3226285,Finance & Administration,Records,Personal Services,Records
743265.0,758985.0,758985.0,1538779,Finance & Administration,Records,Purchase of Services,Records
0.0,0.0,0.0,0,"Recreation, Arts & Culture",Art Museum,Advances & Misc.,Art Museum
2040000.0,2040000.0,2040000.0,2550000,"Recreation, Arts & Culture",Art Museum,Contrib./Indemnities,Art Museum
0.0,0.0,0.0,0,"Recreation, Arts & Culture",Art Museum,Debt Service,Art Museum
0.0,0.0,0.0,0,"Recreation, Arts & Culture",Art Museum,Materials/Equip.,Art Museum
0.0,0.0,0.0,0,"Recreation, Arts & Culture",Art Museum,Payments to Other Funds,Art Museum
0.0,0.0,0.0,0,"Recreation, Arts & Culture",Art Museum,Personal Services,Art Museum
0.0,0.0,0.0,0,"Recreation, Arts & Culture",Art Museum,Purchase of Services,Art Museum
0.0,0.0,0.0,0,Finance & Administration,Finance,Advances & Misc.,Finance
1250000.0,16069700.0,1415700.0,4725000,Finance & Administration,Finance,Contrib./Indemnities,Finance
0.0,0.0,0.0,0,Finance & Administration,Finance,Debt Service,Finance
35616.0,35616.0,35616.0,103109,Finance & Administration,Finance,Materials/Equip.,Finance
24500000.0,11360000.0,11360000.0,28285000,Finance & Administration,Finance,Payments to Other Funds,Finance
10312396.0,10185891.0,9869056.0,9084313,Finance & Administration,Finance,Personal Services,Finance
2626660.0,3475113.0,3439267.0,3029912,Finance & Administration,Finance,Purchase of Services,Finance
0.0,0.0,0.0,0,Budget Reserves,Finance,Advances & Misc.,Budget Stabilization Reserve
0.0,0.0,0.0,0,Budget Reserves,Finance,Contrib./Indemnities,Budget Stabilization Reserve
0.0,0.0,0.0,0,Budget Reserves,Finance,Debt Service,Budget Stabilization Reserve
0.0,0.0,0.0,0,Budget Reserves,Finance,Materials/Equip.,Budget Stabilization Reserve
0.0,0.0,0.0,34276000,Budget Reserves,Finance,Payments to Other Funds,Budget Stabilization Reserve
0.0,0.0,0.0,0,Budget Reserves,Finance,Personal Services,Budget Stabilization Reserve
0.0,0.0,0.0,0,Budget Reserves,Finance,Purchase of Services,Budget Stabilization Reserve
0.0,0.0,0.0,0,Education,Finance,Advances & Misc.,Community College Subsidy
44110159.0,48128075.0,48128075.0,33759207,Education,Finance,Contrib./Indemnities,Community College Subsidy
0.0,0.0,0.0,0,Education,Finance,Debt Service,Community College Subsidy
0.0,0.0,0.0,0,Education,Finance,Materials/Equip.,Community College Subsidy
0.0,0.0,0.0,0,Education,Finance,Payments to Other Funds,Community College Subsidy
0.0,0.0,0.0,0,Education,Finance,Personal Services,Community College Subsidy
0.0,0.0,0.0,0,Education,Finance,Purchase of Services,Community College Subsidy
0.0,0.0,0.0,0,Finance & Administration,Finance,Advances & Misc.,Employee Benefits
0.0,0.0,0.0,0,Finance & Administration,Finance,Contrib./Indemnities,Employee Benefits
0.0,0.0,0.0,0,Finance & Administration,Finance,Debt Service,Employee Benefits
0.0,0.0,0.0,0,Finance & Administration,Finance,Materials/Equip.,Employee Benefits
0.0,0.0,0.0,0,Finance & Administration,Finance,Payments to Other Funds,Employee Benefits
1287159003.0,1438592740.0,1434553835.0,1411963002,Finance & Administration,Finance,Personal Services,Employee Benefits
0.0,0.0,0.0,0,Finance & Administration,Finance,Purchase of Services,Employee Benefits
0.0,0.0,0.0,0,Education,Finance,Advances & Misc.,Hero Awards
25000.0,25000.0,25000.0,25000,Education,Finance,Contrib./Indemnities,Hero Awards
0.0,0.0,0.0,0,Education,Finance,Debt Service,Hero Awards
0.0,0.0,0.0,0,Education,Finance,Materials/Equip.,Hero Awards
0.0,0.0,0.0,0,Education,Finance,Payments to Other Funds,Hero Awards
0.0,0.0,0.0,0,Education,Finance,Personal Services,Hero Awards
0.0,0.0,0.0,0,Education,Finance,Purchase of Services,Hero Awards
0.0,0.0,0.0,0,Finance & Administration,Finance,Advances & Misc.,Indemnities
49246000.0,49246000.0,49246000.0,49246000,Finance & Administration,Finance,Contrib./Indemnities,Indemnities
0.0,0.0,0.0,0,Finance & Administration,Finance,Debt Service,Indemnities
0.0,0.0,0.0,0,Finance & Administration,Finance,Materials/Equip.,Indemnities
0.0,0.0,0.0,0,Finance & Administration,Finance,Payments to Other Funds,Indemnities
0.0,0.0,0.0,0,Finance & Administration,Finance,Personal Services,Indemnities
0.0,0.0,0.0,0,Finance & Administration,Finance,Purchase of Services,Indemnities
0.0,0.0,0.0,0,Finance & Administration,Finance,Advances & Misc.,Refunds
250000.0,250000.0,250000.0,250000,Finance & Administration,Finance,Contrib./Indemnities,Refunds
0.0,0.0,0.0,0,Finance & Administration,Finance,Debt Service,Refunds
0.0,0.0,0.0,0,Finance & Administration,Finance,Materials/Equip.,Refunds
0.0,0.0,0.0,0,Finance & Administration,Finance,Payments to Other Funds,Refunds
0.0,0.0,0.0,0,Finance & Administration,Finance,Personal Services,Refunds
0.0,0.0,0.0,0,Finance & Administration,Finance,Purchase of Services,Refunds
0.0,0.0,0.0,0,Finance & Administration,Finance,Advances & Misc.,Disability Reg #32 Payroll
0.0,0.0,0.0,0,Finance & Administration,Finance,Contrib./Indemnities,Disability Reg #32 Payroll
0.0,0.0,0.0,0,Finance & Administration,Finance,Debt Service,Disability Reg #32 Payroll
0.0,0.0,0.0,0,Finance & Administration,Finance,Materials/Equip.,Disability Reg #32 Payroll
0.0,0.0,0.0,0,Finance & Administration,Finance,Payments to Other Funds,Disability Reg #32 Payroll
2650000.0,2293165.0,2650000.0,2650000,Finance & Administration,Finance,Personal Services,Disability Reg #32 Payroll
0.0,0.0,0.0,0,Finance & Administration,Finance,Purchase of Services,Disability Reg #32 Payroll
25000000.0,75000000.0,75000000.0,55108000,Budget Reserves,Finance,Advances & Misc.,Recession Reserve
0.0,0.0,0.0,0,Budget Reserves,Finance,Contrib./Indemnities,Recession Reserve
0.0,0.0,0.0,0,Budget Reserves,Finance,Debt Service,Recession Reserve
0.0,0.0,0.0,0,Budget Reserves,Finance,Materials/Equip.,Recession Reserve
0.0,0.0,0.0,0,Budget Reserves,Finance,Payments to Other Funds,Recession Reserve
0.0,0.0,0.0,0,Budget Reserves,Finance,Personal Services,Recession Reserve
0.0,0.0,0.0,0,Budget Reserves,Finance,Purchase of Services,Recession Reserve
0.0,0.0,0.0,0,Education,Finance,Advances & Misc.,School District Contribution
252578558.0,255953201.0,255953201.0,222456410,Education,Finance,Contrib./Indemnities,School District Contribution
0.0,0.0,0.0,0,Education,Finance,Debt Service,School District Contribution
0.0,0.0,0.0,0,Education,Finance,Materials/Equip.,School District Contribution
0.0,0.0,0.0,0,Education,Finance,Payments to Other Funds,School District Contribution
0.0,0.0,0.0,0,Education,Finance,Personal Services,School District Contribution
0.0,0.0,0.0,0,Education,Finance,Purchase of Services,School District Contribution
0.0,0.0,0.0,0,Finance & Administration,Finance,Advances & Misc.,Witness Fees
0.0,0.0,0.0,0,Finance & Administration,Finance,Contrib./Indemnities,Witness Fees
0.0,0.0,0.0,0,Finance & Administration,Finance,Debt Service,Witness Fees
0.0,0.0,0.0,0,Finance & Administration,Finance,Materials/Equip.,Witness Fees
0.0,0.0,0.0,0,Finance & Administration,Finance,Payments to Other Funds,Witness Fees
0.0,0.0,0.0,0,Finance & Administration,Finance,Personal Services,Witness Fees
171518.0,171518.0,171518.0,171518,Finance & Administration,Finance,Purchase of Services,Witness Fees
0.0,0.0,0.0,0,Finance & Administration,Revenue,Advances & Misc.,Revenue
0.0,0.0,0.0,0,Finance & Administration,Revenue,Contrib./Indemnities,Revenue
0.0,0.0,0.0,0,Finance & Administration,Revenue,Debt Service,Revenue
774976.0,774976.0,774976.0,1188976,Finance & Administration,Revenue,Materials/Equip.,Revenue
0.0,0.0,0.0,0,Finance & Administration,Revenue,Payments to Other Funds,Revenue
22648673.0,20380548.0,20380548.0,23934508,Finance & Administration,Revenue,Personal Services,Revenue
5787749.0,5787749.0,6087749.0,7755749,Finance & Administration,Revenue,Purchase of Services,Revenue
0.0,0.0,0.0,0,Finance & Administration,Debt Service,Advances & Misc.,Debt Service
0.0,0.0,0.0,0,Finance & Administration,Debt Service,Contrib./Indemnities,Debt Service
185714117.0,192666858.0,192666858.0,187482819,Finance & Administration,Debt Service,Debt Service,Debt Service
0.0,0.0,0.0,0,Finance & Administration,Debt Service,Materials/Equip.,Debt Service
0.0,0.0,0.0,0,Finance & Administration,Debt Service,Payments to Other Funds,Debt Service
0.0,0.0,0.0,0,Finance & Administration,Debt Service,Personal Services,Debt Service
96918314.0,104560657.0,104560657.0,109222498,Finance & Administration,Debt Service,Purchase of Services,Debt Service
0.0,0.0,0.0,0,Finance & Administration,Procurement,Advances & Misc.,Procurement
0.0,0.0,0.0,0,Finance & Administration,Procurement,Contrib./Indemnities,Procurement
0.0,0.0,0.0,0,Finance & Administration,Procurement,Debt Service,Procurement
40194.0,12359.0,12359.0,49054,Finance & Administration,Procurement,Materials/Equip.,Procurement
0.0,0.0,0.0,0,Finance & Administration,Procurement,Payments to Other Funds,Procurement
2436508.0,2648235.0,2648235.0,2709242,Finance & Administration,Procurement,Personal Services,Procurement
2283634.0,3395744.0,2795744.0,2916267,Finance & Administration,Procurement,Purchase of Services,Procurement
0.0,0.0,0.0,0,Finance & Administration,City Treasurer,Advances & Misc.,City Treasurer
0.0,0.0,0.0,0,Finance & Administration,City Treasurer,Contrib./Indemnities,City Treasurer
0.0,0.0,0.0,0,Finance & Administration,City Treasurer,Debt Service,City Treasurer
22224.0,22224.0,22224.0,22224,Finance & Administration,City Treasurer,Materials/Equip.,City Treasurer
0.0,0.0,0.0,0,Finance & Administration,City Treasurer,Payments to Other Funds,City Treasurer
1368170.0,1395075.0,1395075.0,1262499,Finance & Administration,City Treasurer,Personal Services,City Treasurer
193544.0,3323698.0,193544.0,198444,Finance & Administration,City Treasurer,Purchase of Services,City Treasurer
0.0,0.0,0.0,0,City Development,City Rep,Advances & Misc.,City Representative
0.0,0.0,0.0,0,City Development,City Rep,Contrib./Indemnities,City Representative
0.0,0.0,0.0,0,City Development,City Rep,Debt Service,City Representative
0.0,0.0,0.0,54000,City Development,City Rep,Materials/Equip.,City Representative
0.0,0.0,0.0,0,City Development,City Rep,Payments to Other Funds,City Representative
0.0,0.0,0.0,795916,City Development,City Rep,Personal Services,City Representative
0.0,0.0,0.0,399779,City Development,City Rep,Purchase of Services,City Representative
0.0,0.0,0.0,0,City Development,Commerce,Advances & Misc.,Commerce
0.0,500000.0,0.0,500000,City Development,Commerce,Contrib./Indemnities,Commerce
0.0,0.0,0.0,0,City Development,Commerce,Debt Service,Commerce
26654.0,26654.0,26654.0,26654,City Development,Commerce,Materials/Equip.,Commerce
0.0,0.0,0.0,0,City Development,Commerce,Payments to Other Funds,Commerce
2394341.0,3614341.0,2714341.0,3469881,City Development,Commerce,Personal Services,Commerce
1216153.0,10499099.0,4657989.0,5854826,City Development,Commerce,Purchase of Services,Commerce
0.0,0.0,0.0,0,City Development,Commerce,Advances & Misc.,Convention Center Subsidy
0.0,0.0,0.0,0,City Development,Commerce,Contrib./Indemnities,Convention Center Subsidy
0.0,0.0,0.0,0,City Development,Commerce,Debt Service,Convention Center Subsidy
0.0,0.0,0.0,0,City Development,Commerce,Materials/Equip.,Convention Center Subsidy
0.0,0.0,0.0,0,City Development,Commerce,Payments to Other Funds,Convention Center Subsidy
0.0,0.0,0.0,0,City Development,Commerce,Personal Services,Convention Center Subsidy
15000000.0,15000000.0,15000000.0,15000000,City Development,Commerce,Purchase of Services,Convention Center Subsidy
0.0,0.0,0.0,0,City Development,Commerce,Advances & Misc.,Economic Stimulus
0.0,0.0,0.0,0,City Development,Commerce,Contrib./Indemnities,Economic Stimulus
0.0,0.0,0.0,0,City Development,Commerce,Debt Service,Economic Stimulus
0.0,0.0,0.0,0,City Development,Commerce,Materials/Equip.,Economic Stimulus
0.0,0.0,0.0,0,City Development,Commerce,Payments to Other Funds,Economic Stimulus
0.0,0.0,0.0,0,City Development,Commerce,Personal Services,Economic Stimulus
3015000.0,6015000.0,3015000.0,7671624,City Development,Commerce,Purchase of Services,Economic Stimulus
0.0,0.0,0.0,0,Finance & Administration,Law,Advances & Misc.,Law
0.0,0.0,0.0,0,Finance & Administration,Law,Contrib./Indemnities,Law
0.0,0.0,0.0,0,Finance & Administration,Law,Debt Service,Law
184676.0,184676.0,184676.0,248676,Finance & Administration,Law,Materials/Equip.,Law
0.0,0.0,0.0,0,Finance & Administration,Law,Payments to Other Funds,Law
9520003.0,13329167.0,14452037.0,9427335,Finance & Administration,Law,Personal Services,Law
5309427.0,5433427.0,4668260.0,6409034,Finance & Administration,Law,Purchase of Services,Law
0.0,0.0,0.0,0,Regulatory,Board of Ethics,Advances & Misc.,Board of Ethics
0.0,0.0,0.0,0,Regulatory,Board of Ethics,Contrib./Indemnities,Board of Ethics
0.0,0.0,0.0,0,Regulatory,Board of Ethics,Debt Service,Board of Ethics
7500.0,7500.0,7500.0,7500,Regulatory,Board of Ethics,Materials/Equip.,Board of Ethics
0.0,0.0,0.0,0,Regulatory,Board of Ethics,Payments to Other Funds,Board of Ethics
915196.0,915196.0,915196.0,1041630,Regulatory,Board of Ethics,Personal Services,Board of Ethics
52500.0,52500.0,52500.0,52500,Regulatory,Board of Ethics,Purchase of Services,Board of Ethics
0.0,0.0,0.0,0,Regulatory,Inspector General,Advances & Misc.,Inspector General
0.0,0.0,0.0,0,Regulatory,Inspector General,Contrib./Indemnities,Inspector General
0.0,0.0,0.0,0,Regulatory,Inspector General,Debt Service,Inspector General
5225.0,5225.0,5225.0,5225,Regulatory,Inspector General,Materials/Equip.,Inspector General
0.0,0.0,0.0,0,Regulatory,Inspector General,Payments to Other Funds,Inspector General
1472481.0,1504223.0,1504223.0,1577241,Regulatory,Inspector General,Personal Services,Inspector General
97975.0,97975.0,97975.0,97975,Regulatory,Inspector General,Purchase of Services,Inspector General
0.0,0.0,0.0,0,Infrastructure Services,Sustainability,Advances & Misc.,Sustainability
0.0,0.0,0.0,0,Infrastructure Services,Sustainability,Contrib./Indemnities,Sustainability
0.0,0.0,0.0,0,Infrastructure Services,Sustainability,Debt Service,Sustainability
1000.0,1000.0,1000.0,17840,Infrastructure Services,Sustainability,Materials/Equip.,Sustainability
175000.0,175000.0,175000.0,250000,Infrastructure Services,Sustainability,Payments to Other Funds,Sustainability
603814.0,722621.0,722621.0,551910,Infrastructure Services,Sustainability,Personal Services,Sustainability
423366.0,675966.0,473366.0,393508,Infrastructure Services,Sustainability,Purchase of Services,Sustainability
0.0,0.0,0.0,0,"Recreation, Arts & Culture",Mural Arts,Advances & Misc.,Mural Arts
0.0,0.0,0.0,0,"Recreation, Arts & Culture",Mural Arts,Contrib./Indemnities,Mural Arts
0.0,0.0,0.0,0,"Recreation, Arts & Culture",Mural Arts,Debt Service,Mural Arts
0.0,0.0,0.0,0,"Recreation, Arts & Culture",Mural Arts,Materials/Equip.,Mural Arts
0.0,0.0,0.0,0,"Recreation, Arts & Culture",Mural Arts,Payments to Other Funds,Mural Arts
578952.0,586569.0,629992.0,638987,"Recreation, Arts & Culture",Mural Arts,Personal Services,Mural Arts
1545610.0,2065610.0,1695610.0,1860615,"Recreation, Arts & Culture",Mural Arts,Purchase of Services,Mural Arts
0.0,0.0,0.0,0,"Recreation, Arts & Culture",Free Library,Advances & Misc.,Free Library
0.0,0.0,0.0,0,"Recreation, Arts & Culture",Free Library,Contrib./Indemnities,Free Library
0.0,0.0,0.0,0,"Recreation, Arts & Culture",Free Library,Debt Service,Free Library
1842128.0,1842128.0,1842128.0,2302659,"Recreation, Arts & Culture",Free Library,Materials/Equip.,Free Library
0.0,0.0,0.0,0,"Recreation, Arts & Culture",Free Library,Payments to Other Funds,Free Library
35549343.0,38171857.0,38171857.0,40633647,"Recreation, Arts & Culture",Free Library,Personal Services,Free Library
2259262.0,2772879.0,2615022.0,2824077,"Recreation, Arts & Culture",Free Library,Purchase of Services,Free Library
0.0,0.0,0.0,0,Community Services,Human Relations ,Advances & Misc.,Human Relations Commission
0.0,0.0,0.0,0,Community Services,Human Relations ,Contrib./Indemnities,Human Relations Commission
0.0,0.0,0.0,0,Community Services,Human Relations ,Debt Service,Human Relations Commission
28031.0,28031.0,28031.0,28031,Community Services,Human Relations ,Materials/Equip.,Human Relations Commission
0.0,0.0,0.0,0,Community Services,Human Relations ,Payments to Other Funds,Human Relations Commission
2360285.0,2325040.0,2325040.0,2323714,Community Services,Human Relations ,Personal Services,Human Relations Commission
34657.0,34657.0,34657.0,34657,Community Services,Human Relations ,Purchase of Services,Human Relations Commission
0.0,0.0,0.0,0,Finance & Administration,Civil Service Commission,Advances & Misc.,Civil Service Commission
0.0,0.0,0.0,0,Finance & Administration,Civil Service Commission,Contrib./Indemnities,Civil Service Commission
0.0,0.0,0.0,0,Finance & Administration,Civil Service Commission,Debt Service,Civil Service Commission
1094.0,1094.0,1094.0,1094,Finance & Administration,Civil Service Commission,Materials/Equip.,Civil Service Commission
0.0,0.0,0.0,0,Finance & Administration,Civil Service Commission,Payments to Other Funds,Civil Service Commission
177148.0,177148.0,177148.0,174341,Finance & Administration,Civil Service Commission,Personal Services,Civil Service Commission
29500.0,29500.0,29500.0,29500,Finance & Administration,Civil Service Commission,Purchase of Services,Civil Service Commission
0.0,25000000.0,25000000.0,0,Budget Reserves,Civil Service Commission,Advances & Misc.,Labor Reserve
0.0,0.0,0.0,0,Budget Reserves,Civil Service Commission,Contrib./Indemnities,Labor Reserve
0.0,0.0,0.0,0,Budget Reserves,Civil Service Commission,Debt Service,Labor Reserve
0.0,0.0,0.0,0,Budget Reserves,Civil Service Commission,Materials/Equip.,Labor Reserve
0.0,0.0,0.0,0,Budget Reserves,Civil Service Commission,Payments to Other Funds,Labor Reserve
0.0,0.0,0.0,0,Budget Reserves,Civil Service Commission,Personal Services,Labor Reserve
0.0,0.0,0.0,0,Budget Reserves,Civil Service Commission,Purchase of Services,Labor Reserve
0.0,0.0,0.0,0,Finance & Administration,Human Resources,Advances & Misc.,Human Resources
0.0,0.0,0.0,0,Finance & Administration,Human Resources,Contrib./Indemnities,Human Resources
0.0,0.0,0.0,0,Finance & Administration,Human Resources,Debt Service,Human Resources
69432.0,69432.0,69432.0,89432,Finance & Administration,Human Resources,Materials/Equip.,Human Resources
0.0,0.0,0.0,0,Finance & Administration,Human Resources,Payments to Other Funds,Human Resources
5290733.0,5223802.0,5053802.0,5555785,Finance & Administration,Human Resources,Personal Services,Human Resources
877570.0,1177570.0,997570.0,1229070,Finance & Administration,Human Resources,Purchase of Services,Human Resources
0.0,0.0,0.0,0,"Recreation, Arts & Culture",Arts & Culture,Advances & Misc.,"Arts, Culture, and the Creative Economy"
0.0,0.0,0.0,3370688,"Recreation, Arts & Culture",Arts & Culture,Contrib./Indemnities,"Arts, Culture, and the Creative Economy"
0.0,0.0,0.0,0,"Recreation, Arts & Culture",Arts & Culture,Debt Service,"Arts, Culture, and the Creative Economy"
0.0,0.0,0.0,7000,"Recreation, Arts & Culture",Arts & Culture,Materials/Equip.,"Arts, Culture, and the Creative Economy"
0.0,0.0,0.0,0,"Recreation, Arts & Culture",Arts & Culture,Payments to Other Funds,"Arts, Culture, and the Creative Economy"
0.0,0.0,0.0,508300,"Recreation, Arts & Culture",Arts & Culture,Personal Services,"Arts, Culture, and the Creative Economy"
0.0,0.0,0.0,212014,"Recreation, Arts & Culture",Arts & Culture,Purchase of Services,"Arts, Culture, and the Creative Economy"
0.0,0.0,0.0,0,Regulatory,Property Assessment,Advances & Misc.,Property Assessment
0.0,0.0,0.0,0,Regulatory,Property Assessment,Contrib./Indemnities,Property Assessment
0.0,0.0,0.0,0,Regulatory,Property Assessment,Debt Service,Property Assessment
762600.0,362600.0,362600.0,787600,Regulatory,Property Assessment,Materials/Equip.,Property Assessment
0.0,0.0,0.0,0,Regulatory,Property Assessment,Payments to Other Funds,Property Assessment
12918061.0,14395213.0,14395213.0,14127682,Regulatory,Property Assessment,Personal Services,Property Assessment
2420632.0,2026020.0,2026020.0,2403126,Regulatory,Property Assessment,Purchase of Services,Property Assessment
0.0,0.0,0.0,0,Regulatory,City Controller,Advances & Misc.,City Controller
0.0,0.0,0.0,0,Regulatory,City Controller,Contrib./Indemnities,City Controller
0.0,0.0,0.0,0,Regulatory,City Controller,Debt Service,City Controller
25000.0,25000.0,25000.0,25000,Regulatory,City Controller,Materials/Equip.,City Controller
0.0,0.0,0.0,0,Regulatory,City Controller,Payments to Other Funds,City Controller
9045839.0,9330839.0,8955839.0,8862100,Regulatory,City Controller,Personal Services,City Controller
497450.0,497450.0,497450.0,497450,Regulatory,City Controller,Purchase of Services,City Controller
0.0,0.0,0.0,0,Regulatory,Revision of Taxes,Advances & Misc.,Board of Revision of Taxes
0.0,0.0,0.0,0,Regulatory,Revision of Taxes,Contrib./Indemnities,Board of Revision of Taxes
0.0,0.0,0.0,0,Regulatory,Revision of Taxes,Debt Service,Board of Revision of Taxes
17727.0,17727.0,17727.0,22727,Regulatory,Revision of Taxes,Materials/Equip.,Board of Revision of Taxes
0.0,0.0,0.0,0,Regulatory,Revision of Taxes,Payments to Other Funds,Board of Revision of Taxes
987587.0,997835.0,997835.0,962864,Regulatory,Revision of Taxes,Personal Services,Board of Revision of Taxes
37900.0,37900.0,37900.0,75200,Regulatory,Revision of Taxes,Purchase of Services,Board of Revision of Taxes
0.0,0.0,0.0,0,Finance & Administration,Chief Admin. Officer,Advances & Misc.,Chief Administrative Officer
0.0,0.0,0.0,0,Finance & Administration,Chief Admin. Officer,Contrib./Indemnities,Chief Administrative Officer
0.0,0.0,0.0,0,Finance & Administration,Chief Admin. Officer,Debt Service,Chief Administrative Officer
26665.0,2016665.0,2016665.0,26665,Finance & Administration,Chief Admin. Officer,Materials/Equip.,Chief Administrative Officer
0.0,0.0,0.0,0,Finance & Administration,Chief Admin. Officer,Payments to Other Funds,Chief Administrative Officer
4256565.0,5062173.0,5062173.0,4784551,Finance & Administration,Chief Admin. Officer,Personal Services,Chief Administrative Officer
2050549.0,3865698.0,3865698.0,2627049,Finance & Administration,Chief Admin. Officer,Purchase of Services,Chief Administrative Officer
0.0,0.0,0.0,0,Education,Children and Families,Advances & Misc.,Children and Families
0.0,0.0,0.0,0,Education,Children and Families,Contrib./Indemnities,Children and Families
0.0,0.0,0.0,0,Education,Children and Families,Debt Service,Children and Families
0.0,0.0,0.0,42000,Education,Children and Families,Materials/Equip.,Children and Families
0.0,0.0,0.0,0,Education,Children and Families,Payments to Other Funds,Children and Families
418820.0,442000.0,442000.0,3292180,Education,Children and Families,Personal Services,Children and Families
0.0,0.0,0.0,42015834,Education,Children and Families,Purchase of Services,Children and Families
0.0,0.0,0.0,0,Finance & Administration,Register of Wills,Advances & Misc.,Register of Wills
0.0,0.0,0.0,0,Finance & Administration,Register of Wills,Contrib./Indemnities,Register of Wills
0.0,0.0,0.0,0,Finance & Administration,Register of Wills,Debt Service,Register of Wills
140236.0,140236.0,140236.0,140236,Finance & Administration,Register of Wills,Materials/Equip.,Register of Wills
0.0,0.0,0.0,0,Finance & Administration,Register of Wills,Payments to Other Funds,Register of Wills
3956193.0,3956193.0,3856193.0,4286409,Finance & Administration,Register of Wills,Personal Services,Register of Wills
125000.0,185000.0,125000.0,125000,Finance & Administration,Register of Wills,Purchase of Services,Register of Wills
0.0,0.0,0.0,0,Public Safety,District Attorney,Advances & Misc.,District Attorney
0.0,0.0,0.0,0,Public Safety,District Attorney,Contrib./Indemnities,District Attorney
0.0,0.0,0.0,0,Public Safety,District Attorney,Debt Service,District Attorney
420017.0,525017.0,525017.0,525021,Public Safety,District Attorney,Materials/Equip.,District Attorney
0.0,0.0,0.0,0,Public Safety,District Attorney,Payments to Other Funds,District Attorney
30262904.0,36562904.0,36562904.0,35016343,Public Safety,District Attorney,Personal Services,District Attorney
2693738.0,3343738.0,3343738.0,3367172,Public Safety,District Attorney,Purchase of Services,District Attorney
0.0,0.0,0.0,0,Public Safety,Sheriff,Advances & Misc.,Sheriff
0.0,0.0,0.0,0,Public Safety,Sheriff,Contrib./Indemnities,Sheriff
0.0,0.0,0.0,0,Public Safety,Sheriff,Debt Service,Sheriff
498157.0,498157.0,498157.0,708907,Public Safety,Sheriff,Materials/Equip.,Sheriff
0.0,0.0,0.0,0,Public Safety,Sheriff,Payments to Other Funds,Sheriff
25192450.0,25192450.0,25192450.0,25443537,Public Safety,Sheriff,Personal Services,Sheriff
1105267.0,1105267.0,1105267.0,894517,Public Safety,Sheriff,Purchase of Services,Sheriff
0.0,0.0,0.0,0,City Development,Planning & Development,Advances & Misc.,Planning & Development
0.0,6500000.0,0.0,1350000,City Development,Planning & Development,Contrib./Indemnities,Planning & Development
0.0,0.0,0.0,0,City Development,Planning & Development,Debt Service,Planning & Development
80761.0,80761.0,80761.0,101461,City Development,Planning & Development,Materials/Equip.,Planning & Development
0.0,0.0,0.0,0,City Development,Planning & Development,Payments to Other Funds,Planning & Development
4834959.0,4873604.0,4873604.0,5167172,City Development,Planning & Development,Personal Services,Planning & Development
3619463.0,5619463.0,3619463.0,5192113,City Development,Planning & Development,Purchase of Services,Planning & Development
0.0,0.0,0.0,0,Legislative & Elections,City Commissioners,Advances & Misc.,City Commissioners
0.0,0.0,0.0,0,Legislative & Elections,City Commissioners,Contrib./Indemnities,City Commissioners
0.0,0.0,0.0,0,Legislative & Elections,City Commissioners,Debt Service,City Commissioners
572617.0,2771217.0,2771217.0,572617,Legislative & Elections,City Commissioners,Materials/Equip.,City Commissioners
0.0,0.0,0.0,0,Legislative & Elections,City Commissioners,Payments to Other Funds,City Commissioners
6714174.0,8413534.0,8413534.0,6633233,Legislative & Elections,City Commissioners,Personal Services,City Commissioners
5011061.0,6862101.0,6862101.0,5011061,Legislative & Elections,City Commissioners,Purchase of Services,City Commissioners
0.0,0.0,0.0,0,Public Safety,First Judicial District,Advances & Misc.,First Judicial District
0.0,0.0,0.0,0,Public Safety,First Judicial District,Contrib./Indemnities,First Judicial District
0.0,0.0,0.0,0,Public Safety,First Judicial District,Debt Service,First Judicial District
2231868.0,2231868.0,2231868.0,2231868,Public Safety,First Judicial District,Materials/Equip.,First Judicial District
0.0,0.0,0.0,0,Public Safety,First Judicial District,Payments to Other Funds,First Judicial District
105324122.0,105324122.0,104868556.0,104792068,Public Safety,First Judicial District,Personal Services,First Judicial District
8480039.0,8643039.0,8643039.0,8480039,Public Safety,First Judicial District,Purchase of Services,First Judicial District
