Code,Department,Expenditure Class,FY19 Actual,FY20 Adopted Budget,FY20 Current Target,FY21 Estimate,FY22 Estimate,FY23 Estimate,FY24 Estimate,FY25 Estimate
34,ART MUSEUM SUBSIDY,class_100,0,0,0,0.0,0.0,0.0,0.0,0.0
34,ART MUSEUM SUBSIDY,class_200,0,0,0,0.0,0.0,0.0,0.0,0.0
34,ART MUSEUM SUBSIDY,class_300_400,0,0,0,0.0,0.0,0.0,0.0,0.0
34,ART MUSEUM SUBSIDY,class_500,2550000,2550000,2550000,2040000.0,2040000.0,2040000.0,2550000.0,2550000.0
34,ART MUSEUM SUBSIDY,class_700,0,0,0,0.0,0.0,0.0,0.0,0.0
34,ART MUSEUM SUBSIDY,class_800,0,0,0,0.0,0.0,0.0,0.0,0.0
34,ART MUSEUM SUBSIDY,class_900,0,0,0,0.0,0.0,0.0,0.0,0.0
34,ART MUSEUM SUBSIDY,total,2550000,2550000,2550000,2040000.0,2040000.0,2040000.0,2550000.0,2550000.0
18,ATWATER KENT MUSEUM,class_100,0,0,0,0.0,0.0,0.0,0.0,0.0
18,ATWATER KENT MUSEUM,class_200,0,0,0,0.0,0.0,0.0,0.0,0.0
18,ATWATER KENT MUSEUM,class_300_400,0,0,0,0.0,0.0,0.0,0.0,0.0
18,ATWATER KENT MUSEUM,class_500,250000,0,0,0.0,0.0,0.0,0.0,0.0
18,ATWATER KENT MUSEUM,class_700,0,0,0,0.0,0.0,0.0,0.0,0.0
18,ATWATER KENT MUSEUM,class_800,0,0,0,0.0,0.0,0.0,0.0,0.0
18,ATWATER KENT MUSEUM,class_900,0,0,0,0.0,0.0,0.0,0.0,0.0
18,ATWATER KENT MUSEUM,total,250000,0,0,0.0,0.0,0.0,0.0,0.0
61,AUDITING,class_100,8650965,8862100,9522372,9045839.0,9045839.0,9045839.0,9617653.0,9617653.0
61,AUDITING,class_200,376030,497450,497450,497450.0,497450.0,497450.0,497450.0,497450.0
61,AUDITING,class_300_400,24427,25000,25000,25000.0,25000.0,25000.0,25000.0,25000.0
61,AUDITING,class_500,0,0,0,0.0,0.0,0.0,0.0,0.0
61,AUDITING,class_700,0,0,0,0.0,0.0,0.0,0.0,0.0
61,AUDITING,class_800,0,0,0,0.0,0.0,0.0,0.0,0.0
61,AUDITING,class_900,0,0,0,0.0,0.0,0.0,0.0,0.0
61,AUDITING,total,9051422,9384550,10044822,9568289.0,9568289.0,9568289.0,10140103.0,10140103.0
45,BOARD OF ETHICS,class_100,875033,1041630,1044071,915196.0,915196.0,1045764.0,1045764.0,1045764.0
45,BOARD OF ETHICS,class_200,43538,52500,52500,52500.0,52500.0,52500.0,52500.0,52500.0
45,BOARD OF ETHICS,class_300_400,7067,7500,7500,7500.0,7500.0,7500.0,7500.0,7500.0
45,BOARD OF ETHICS,class_500,0,0,0,0.0,0.0,0.0,0.0,0.0
45,BOARD OF ETHICS,class_700,0,0,0,0.0,0.0,0.0,0.0,0.0
45,BOARD OF ETHICS,class_800,0,0,0,0.0,0.0,0.0,0.0,0.0
45,BOARD OF ETHICS,class_900,0,0,0,0.0,0.0,0.0,0.0,0.0
45,BOARD OF ETHICS,total,925638,1101630,1104071,975196.0,975196.0,1105764.0,1105764.0,1105764.0
63,BOARD OF REVISION OF TAXES,class_100,928286,962864,997459,987587.0,997835.0,997835.0,997835.0,997835.0
63,BOARD OF REVISION OF TAXES,class_200,34658,75200,42900,37900.0,37900.0,37900.0,42900.0,42900.0
63,BOARD OF REVISION OF TAXES,class_300_400,15408,22727,22727,17727.0,17727.0,17727.0,22727.0,22727.0
63,BOARD OF REVISION OF TAXES,class_500,0,0,0,0.0,0.0,0.0,0.0,0.0
63,BOARD OF REVISION OF TAXES,class_700,0,0,0,0.0,0.0,0.0,0.0,0.0
63,BOARD OF REVISION OF TAXES,class_800,0,0,0,0.0,0.0,0.0,0.0,0.0
63,BOARD OF REVISION OF TAXES,class_900,0,0,0,0.0,0.0,0.0,0.0,0.0
63,BOARD OF REVISION OF TAXES,total,978352,1060791,1063086,1043214.0,1053462.0,1053462.0,1063462.0,1063462.0
73,CITY COMMISSIONERS,class_100,5830533,6633233,6690419,6714174.0,6714174.0,6714174.0,10153132.0,9653132.0
73,CITY COMMISSIONERS,class_200,5028766,5011061,5011061,5011061.0,4861061.0,4861061.0,6713929.0,4445061.0
73,CITY COMMISSIONERS,class_300_400,5270120,572617,572617,572617.0,541617.0,541617.0,5634635.0,572617.0
73,CITY COMMISSIONERS,class_500,357500,0,0,0.0,0.0,0.0,0.0,0.0
73,CITY COMMISSIONERS,class_700,0,0,0,0.0,0.0,0.0,0.0,0.0
73,CITY COMMISSIONERS,class_800,0,0,0,0.0,0.0,0.0,0.0,0.0
73,CITY COMMISSIONERS,class_900,0,0,0,0.0,0.0,0.0,0.0,0.0
73,CITY COMMISSIONERS,total,16486919,12216911,12274097,12297852.0,12116852.0,12116852.0,22501696.0,14670810.0
01,CITY COUNCIL,class_100,14104805,15427138,15627138,14877138.0,14877138.0,15627138.0,15627138.0,15627138.0
01,CITY COUNCIL,class_200,1931455,1971885,2446885,1976885.0,1976885.0,2126885.0,2126885.0,2126885.0
01,CITY COUNCIL,class_300_400,499331,528650,603650,428650.0,428650.0,528650.0,528650.0,528650.0
01,CITY COUNCIL,class_500,1740,100,100,25000100.0,100.0,100.0,100.0,100.0
01,CITY COUNCIL,class_700,0,0,0,0.0,0.0,0.0,0.0,0.0
01,CITY COUNCIL,class_800,0,100,100,100.0,100.0,100.0,100.0,100.0
01,CITY COUNCIL,class_900,0,100,100,100.0,100.0,100.0,100.0,100.0
01,CITY COUNCIL,total,16537331,17927973,18677973,42282973.0,17282973.0,18282973.0,18282973.0,18282973.0
41,CITY REPRESENTATIVE,class_100,714833,795916,830942,0.0,0.0,0.0,0.0,0.0
41,CITY REPRESENTATIVE,class_200,306555,399779,399779,0.0,0.0,0.0,0.0,0.0
41,CITY REPRESENTATIVE,class_300_400,12712,54000,54000,0.0,0.0,0.0,0.0,0.0
41,CITY REPRESENTATIVE,class_500,0,0,0,0.0,0.0,0.0,0.0,0.0
41,CITY REPRESENTATIVE,class_700,0,0,0,0.0,0.0,0.0,0.0,0.0
41,CITY REPRESENTATIVE,class_800,0,0,0,0.0,0.0,0.0,0.0,0.0
41,CITY REPRESENTATIVE,class_900,0,0,0,0.0,0.0,0.0,0.0,0.0
41,CITY REPRESENTATIVE,total,1034100,1249695,1284721,0.0,0.0,0.0,0.0,0.0
40,CITY TREASURER,class_100,1098380,1262499,1295117,1368170.0,1395075.0,1395075.0,1490075.0,1490075.0
40,CITY TREASURER,class_200,535106,198444,198444,193544.0,193544.0,193544.0,199444.0,199444.0
40,CITY TREASURER,class_300_400,18925,22224,22224,22224.0,22224.0,22224.0,22224.0,22224.0
40,CITY TREASURER,class_500,0,0,0,0.0,0.0,0.0,0.0,0.0
40,CITY TREASURER,class_700,0,0,0,0.0,0.0,0.0,0.0,0.0
40,CITY TREASURER,class_800,0,0,0,0.0,0.0,0.0,0.0,0.0
40,CITY TREASURER,class_900,0,0,0,0.0,0.0,0.0,0.0,0.0
40,CITY TREASURER,total,1652411,1483167,1515785,1583938.0,1610843.0,1610843.0,1711743.0,1711743.0
55,CIVIL SERVICE COMMISSION,class_100,168597,174341,174742,177148.0,177148.0,177148.0,177148.0,177148.0
55,CIVIL SERVICE COMMISSION,class_200,29500,29500,29500,29500.0,29500.0,29500.0,29500.0,29500.0
55,CIVIL SERVICE COMMISSION,class_300_400,400,1094,1094,1094.0,1094.0,1094.0,1094.0,1094.0
55,CIVIL SERVICE COMMISSION,class_500,0,0,0,0.0,0.0,0.0,0.0,0.0
55,CIVIL SERVICE COMMISSION,class_700,0,0,0,0.0,0.0,0.0,0.0,0.0
55,CIVIL SERVICE COMMISSION,class_800,0,0,0,0.0,0.0,0.0,0.0,0.0
55,CIVIL SERVICE COMMISSION,class_900,0,0,0,0.0,0.0,0.0,0.0,0.0
55,CIVIL SERVICE COMMISSION,total,198497,204935,205336,207742.0,207742.0,207742.0,207742.0,207742.0
55L,CIVIL SERVICE COMMISSION - PROVISIONS FOR FUTURE LABOR AGREEMENTS,class_100,0,0,0,0.0,0.0,0.0,0.0,0.0
55L,CIVIL SERVICE COMMISSION - PROVISIONS FOR FUTURE LABOR AGREEMENTS,class_200,0,0,0,0.0,0.0,0.0,0.0,0.0
55L,CIVIL SERVICE COMMISSION - PROVISIONS FOR FUTURE LABOR AGREEMENTS,class_300_400,0,0,0,0.0,0.0,0.0,0.0,0.0
55L,CIVIL SERVICE COMMISSION - PROVISIONS FOR FUTURE LABOR AGREEMENTS,class_500,0,0,0,0.0,0.0,0.0,0.0,0.0
55L,CIVIL SERVICE COMMISSION - PROVISIONS FOR FUTURE LABOR AGREEMENTS,class_700,0,0,0,0.0,0.0,0.0,0.0,0.0
55L,CIVIL SERVICE COMMISSION - PROVISIONS FOR FUTURE LABOR AGREEMENTS,class_800,0,0,0,0.0,0.0,0.0,0.0,0.0
55L,CIVIL SERVICE COMMISSION - PROVISIONS FOR FUTURE LABOR AGREEMENTS,class_900,0,0,0,0.0,25000000.0,45000000.0,65000000.0,65000000.0
55L,CIVIL SERVICE COMMISSION - PROVISIONS FOR FUTURE LABOR AGREEMENTS,total,0,0,0,0.0,25000000.0,45000000.0,65000000.0,65000000.0
42,COMMERCE,class_100,3028159,3469881,3506080,2394341.0,2394341.0,2394341.0,2394341.0,2394341.0
42,COMMERCE,class_200,3793746,5854826,6254826,1216153.0,1216153.0,1216153.0,1216153.0,1216153.0
42,COMMERCE,class_300_400,18398,26654,26654,26654.0,26654.0,26654.0,26654.0,26654.0
42,COMMERCE,class_500,500000,500000,500000,0.0,0.0,0.0,0.0,0.0
42,COMMERCE,class_700,0,0,0,0.0,0.0,0.0,0.0,0.0
42,COMMERCE,class_800,0,0,0,0.0,0.0,0.0,0.0,0.0
42,COMMERCE,class_900,0,0,0,0.0,0.0,0.0,0.0,0.0
42,COMMERCE,total,7340303,9851361,10287560,3637148.0,3637148.0,3637148.0,3637148.0,3637148.0
42CC,COMMERCE - CONVENTION CENTER SUBSIDY,class_100,0,0,0,0.0,0.0,0.0,0.0,0.0
42CC,COMMERCE - CONVENTION CENTER SUBSIDY,class_200,15000000,15000000,15000000,15000000.0,15000000.0,15000000.0,15000000.0,15000000.0
42CC,COMMERCE - CONVENTION CENTER SUBSIDY,class_300_400,0,0,0,0.0,0.0,0.0,0.0,0.0
42CC,COMMERCE - CONVENTION CENTER SUBSIDY,class_500,0,0,0,0.0,0.0,0.0,0.0,0.0
42CC,COMMERCE - CONVENTION CENTER SUBSIDY,class_700,0,0,0,0.0,0.0,0.0,0.0,0.0
42CC,COMMERCE - CONVENTION CENTER SUBSIDY,class_800,0,0,0,0.0,0.0,0.0,0.0,0.0
42CC,COMMERCE - CONVENTION CENTER SUBSIDY,class_900,0,0,0,0.0,0.0,0.0,0.0,0.0
42CC,COMMERCE - CONVENTION CENTER SUBSIDY,total,15000000,15000000,15000000,15000000.0,15000000.0,15000000.0,15000000.0,15000000.0
42ES,COMMERCE - ECONOMIC STIMULUS,class_100,0,0,0,0.0,0.0,0.0,0.0,0.0
42ES,COMMERCE - ECONOMIC STIMULUS,class_200,21242883,7671624,7671624,3015000.0,3015000.0,13015000.0,13015000.0,13015000.0
42ES,COMMERCE - ECONOMIC STIMULUS,class_300_400,0,0,0,0.0,0.0,0.0,0.0,0.0
42ES,COMMERCE - ECONOMIC STIMULUS,class_500,0,0,0,0.0,0.0,0.0,0.0,0.0
42ES,COMMERCE - ECONOMIC STIMULUS,class_700,0,0,0,0.0,0.0,0.0,0.0,0.0
42ES,COMMERCE - ECONOMIC STIMULUS,class_800,0,0,0,0.0,0.0,0.0,0.0,0.0
42ES,COMMERCE - ECONOMIC STIMULUS,class_900,0,0,0,0.0,0.0,0.0,0.0,0.0
42ES,COMMERCE - ECONOMIC STIMULUS,total,21242883,7671624,7671624,3015000.0,3015000.0,13015000.0,13015000.0,13015000.0
69,DISTRICT ATTORNEY,class_100,34265564,35016343,37620523,30262904.0,30262904.0,30262904.0,37766173.0,37766173.0
69,DISTRICT ATTORNEY,class_200,3427641,3367172,3867172,2693738.0,2693738.0,2693738.0,3367172.0,3367172.0
69,DISTRICT ATTORNEY,class_300_400,1726611,525021,675021,420017.0,420017.0,420017.0,525021.0,525021.0
69,DISTRICT ATTORNEY,class_500,2861279,0,0,0.0,0.0,0.0,0.0,0.0
69,DISTRICT ATTORNEY,class_700,0,0,0,0.0,0.0,0.0,0.0,0.0
69,DISTRICT ATTORNEY,class_800,0,0,0,0.0,0.0,0.0,0.0,0.0
69,DISTRICT ATTORNEY,class_900,0,0,0,0.0,0.0,0.0,0.0,0.0
69,DISTRICT ATTORNEY,total,42281095,38908536,42162716,33376659.0,33376659.0,33376659.0,41658366.0,41658366.0
35,FINANCE,class_100,7756138,9084313,9266821,10312396.0,10351275.0,10325475.0,11988548.0,12090664.0
35,FINANCE,class_200,2828025,3029912,3284912,2626660.0,2626660.0,2473060.0,3169912.0,3169912.0
35,FINANCE,class_300_400,73980,103109,103109,35616.0,35616.0,35616.0,103109.0,103109.0
35,FINANCE,class_500,6531063,4725000,4975000,1250000.0,950000.0,1900000.0,2400000.0,2400000.0
35,FINANCE,class_700,0,0,0,0.0,0.0,0.0,0.0,0.0
35,FINANCE,class_800,141193804,28285000,33285000,24500000.0,14110000.0,16022000.0,22458000.0,21201000.0
35,FINANCE,class_900,0,0,0,0.0,0.0,0.0,0.0,0.0
35,FINANCE,total,158383010,45227334,50914842,38724672.0,28073551.0,30756151.0,40119569.0,38964685.0
35RR,FINANCE-RECESSION RESERVE,class_100,0,0,0,0.0,0.0,0.0,0.0,0.0
35RR,FINANCE-RECESSION RESERVE,class_200,0,0,0,0.0,0.0,0.0,0.0,0.0
35RR,FINANCE-RECESSION RESERVE,class_300_400,0,0,0,0.0,0.0,0.0,0.0,0.0
35RR,FINANCE-RECESSION RESERVE,class_500,0,0,0,0.0,0.0,0.0,0.0,0.0
35RR,FINANCE-RECESSION RESERVE,class_700,0,0,0,0.0,0.0,0.0,0.0,0.0
35RR,FINANCE-RECESSION RESERVE,class_800,0,0,0,0.0,0.0,0.0,0.0,0.0
35RR,FINANCE-RECESSION RESERVE,class_900,0,55108000,18403000,25000000.0,55000000.0,30000000.0,25000000.0,25000000.0
35RR,FINANCE-RECESSION RESERVE,total,0,55108000,18403000,25000000.0,55000000.0,30000000.0,25000000.0,25000000.0
35REG,FINANCE-DISABILITY-REG #32 PAYROLL,class_100,2413758,2650000,2650000,2650000.0,2650000.0,2650000.0,2650000.0,2650000.0
35REG,FINANCE-DISABILITY-REG #32 PAYROLL,class_200,0,0,0,0.0,0.0,0.0,0.0,0.0
35REG,FINANCE-DISABILITY-REG #32 PAYROLL,class_300_400,0,0,0,0.0,0.0,0.0,0.0,0.0
35REG,FINANCE-DISABILITY-REG #32 PAYROLL,class_500,0,0,0,0.0,0.0,0.0,0.0,0.0
35REG,FINANCE-DISABILITY-REG #32 PAYROLL,class_700,0,0,0,0.0,0.0,0.0,0.0,0.0
35REG,FINANCE-DISABILITY-REG #32 PAYROLL,class_800,0,0,0,0.0,0.0,0.0,0.0,0.0
35REG,FINANCE-DISABILITY-REG #32 PAYROLL,class_900,0,0,0,0.0,0.0,0.0,0.0,0.0
35REG,FINANCE-DISABILITY-REG #32 PAYROLL,total,2413758,2650000,2650000,2650000.0,2650000.0,2650000.0,2650000.0,2650000.0
35CC,FINANCE - COMMUNITY COLLEGE SUBSIDY,class_100,0,0,0,0.0,0.0,0.0,0.0,0.0
35CC,FINANCE - COMMUNITY COLLEGE SUBSIDY,class_200,0,0,0,0.0,0.0,0.0,0.0,0.0
35CC,FINANCE - COMMUNITY COLLEGE SUBSIDY,class_300_400,0,0,0,0.0,0.0,0.0,0.0,0.0
35CC,FINANCE - COMMUNITY COLLEGE SUBSIDY,class_500,32409207,33759207,36059207,44110159.0,48128075.0,50106653.0,50860996.0,50758698.0
35CC,FINANCE - COMMUNITY COLLEGE SUBSIDY,class_700,0,0,0,0.0,0.0,0.0,0.0,0.0
35CC,FINANCE - COMMUNITY COLLEGE SUBSIDY,class_800,0,0,0,0.0,0.0,0.0,0.0,0.0
35CC,FINANCE - COMMUNITY COLLEGE SUBSIDY,class_900,0,0,0,0.0,0.0,0.0,0.0,0.0
35CC,FINANCE - COMMUNITY COLLEGE SUBSIDY,total,32409207,33759207,36059207,44110159.0,48128075.0,50106653.0,50860996.0,50758698.0
35BS,FINANCE - BUDGET STABILIZATION RESERVE,class_100,0,0,0,0.0,0.0,0.0,0.0,0.0
35BS,FINANCE - BUDGET STABILIZATION RESERVE,class_200,0,0,0,0.0,0.0,0.0,0.0,0.0
35BS,FINANCE - BUDGET STABILIZATION RESERVE,class_300_400,0,0,0,0.0,0.0,0.0,0.0,0.0
35BS,FINANCE - BUDGET STABILIZATION RESERVE,class_500,0,0,0,0.0,0.0,0.0,0.0,0.0
35BS,FINANCE - BUDGET STABILIZATION RESERVE,class_700,0,0,0,0.0,0.0,0.0,0.0,0.0
35BS,FINANCE - BUDGET STABILIZATION RESERVE,class_800,0,34276000,34276000,0.0,0.0,0.0,0.0,39894000.0
35BS,FINANCE - BUDGET STABILIZATION RESERVE,class_900,0,0,0,0.0,0.0,0.0,0.0,0.0
35BS,FINANCE - BUDGET STABILIZATION RESERVE,total,0,34276000,34276000,0.0,0.0,0.0,0.0,39894000.0
35EB,FINANCE - EMPLOYEE BENEFITS,class_100,1371066396,1411963002,1348375045,1287159003.0,1422031076.0,1475341633.0,1529644986.0,1581664744.0
35EB,FINANCE - EMPLOYEE BENEFITS,class_200,0,0,0,0.0,0.0,0.0,0.0,0.0
35EB,FINANCE - EMPLOYEE BENEFITS,class_300_400,0,0,0,0.0,0.0,0.0,0.0,0.0
35EB,FINANCE - EMPLOYEE BENEFITS,class_500,0,0,0,0.0,0.0,0.0,0.0,0.0
35EB,FINANCE - EMPLOYEE BENEFITS,class_700,0,0,0,0.0,0.0,0.0,0.0,0.0
35EB,FINANCE - EMPLOYEE BENEFITS,class_800,0,0,0,0.0,0.0,0.0,0.0,0.0
35EB,FINANCE - EMPLOYEE BENEFITS,class_900,0,0,0,0.0,0.0,0.0,0.0,0.0
35EB,FINANCE - EMPLOYEE BENEFITS,total,1371066396,1411963002,1348375045,1287159003.0,1422031076.0,1475341633.0,1529644986.0,1581664744.0
35HA,FINANCE - HERO AWARDS,class_100,0,0,0,0.0,0.0,0.0,0.0,0.0
35HA,FINANCE - HERO AWARDS,class_200,0,0,0,0.0,0.0,0.0,0.0,0.0
35HA,FINANCE - HERO AWARDS,class_300_400,0,0,0,0.0,0.0,0.0,0.0,0.0
35HA,FINANCE - HERO AWARDS,class_500,0,25000,25000,25000.0,25000.0,25000.0,25000.0,25000.0
35HA,FINANCE - HERO AWARDS,class_700,0,0,0,0.0,0.0,0.0,0.0,0.0
35HA,FINANCE - HERO AWARDS,class_800,0,0,0,0.0,0.0,0.0,0.0,0.0
35HA,FINANCE - HERO AWARDS,class_900,0,0,0,0.0,0.0,0.0,0.0,0.0
35HA,FINANCE - HERO AWARDS,total,0,25000,25000,25000.0,25000.0,25000.0,25000.0,25000.0
35IN,FINANCE - INDEMNITIES,class_100,0,0,0,0.0,0.0,0.0,0.0,0.0
35IN,FINANCE - INDEMNITIES,class_200,0,0,0,0.0,0.0,0.0,0.0,0.0
35IN,FINANCE - INDEMNITIES,class_300_400,0,0,0,0.0,0.0,0.0,0.0,0.0
35IN,FINANCE - INDEMNITIES,class_500,0,49246000,49246000,49246000.0,49246000.0,49246000.0,50320000.0,50320000.0
35IN,FINANCE - INDEMNITIES,class_700,0,0,0,0.0,0.0,0.0,0.0,0.0
35IN,FINANCE - INDEMNITIES,class_800,0,0,0,0.0,0.0,0.0,0.0,0.0
35IN,FINANCE - INDEMNITIES,class_900,0,0,0,0.0,0.0,0.0,0.0,0.0
35IN,FINANCE - INDEMNITIES,total,0,49246000,49246000,49246000.0,49246000.0,49246000.0,50320000.0,50320000.0
35R,FINANCE - REFUNDS,class_100,0,0,0,0.0,0.0,0.0,0.0,0.0
35R,FINANCE - REFUNDS,class_200,0,0,0,0.0,0.0,0.0,0.0,0.0
35R,FINANCE - REFUNDS,class_300_400,0,0,0,0.0,0.0,0.0,0.0,0.0
35R,FINANCE - REFUNDS,class_500,18667,250000,250000,250000.0,250000.0,250000.0,250000.0,250000.0
35R,FINANCE - REFUNDS,class_700,0,0,0,0.0,0.0,0.0,0.0,0.0
35R,FINANCE - REFUNDS,class_800,0,0,0,0.0,0.0,0.0,0.0,0.0
35R,FINANCE - REFUNDS,class_900,0,0,0,0.0,0.0,0.0,0.0,0.0
35R,FINANCE - REFUNDS,total,18667,250000,250000,250000.0,250000.0,250000.0,250000.0,250000.0
35SD,FINANCE - SCHOOL DISTRICT CONTRIBUTION,class_100,0,0,0,0.0,0.0,0.0,0.0,0.0
35SD,FINANCE - SCHOOL DISTRICT CONTRIBUTION,class_200,0,0,0,0.0,0.0,0.0,0.0,0.0
35SD,FINANCE - SCHOOL DISTRICT CONTRIBUTION,class_300_400,0,0,0,0.0,0.0,0.0,0.0,0.0
35SD,FINANCE - SCHOOL DISTRICT CONTRIBUTION,class_500,180870541,222456410,222456410,252578558.0,269953201.0,282052590.0,288191821.0,288191821.0
35SD,FINANCE - SCHOOL DISTRICT CONTRIBUTION,class_700,0,0,0,0.0,0.0,0.0,0.0,0.0
35SD,FINANCE - SCHOOL DISTRICT CONTRIBUTION,class_800,0,0,0,0.0,0.0,0.0,0.0,0.0
35SD,FINANCE - SCHOOL DISTRICT CONTRIBUTION,class_900,0,0,0,0.0,0.0,0.0,0.0,0.0
35SD,FINANCE - SCHOOL DISTRICT CONTRIBUTION,total,180870541,222456410,222456410,252578558.0,269953201.0,282052590.0,288191821.0,288191821.0
35WF,FINANCE - WITNESS FEES,class_100,0,0,0,0.0,0.0,0.0,0.0,0.0
35WF,FINANCE - WITNESS FEES,class_200,98988,171518,171518,171518.0,171518.0,171518.0,171518.0,171518.0
35WF,FINANCE - WITNESS FEES,class_300_400,0,0,0,0.0,0.0,0.0,0.0,0.0
35WF,FINANCE - WITNESS FEES,class_500,0,0,0,0.0,0.0,0.0,0.0,0.0
35WF,FINANCE - WITNESS FEES,class_700,0,0,0,0.0,0.0,0.0,0.0,0.0
35WF,FINANCE - WITNESS FEES,class_800,0,0,0,0.0,0.0,0.0,0.0,0.0
35WF,FINANCE - WITNESS FEES,class_900,0,0,0,0.0,0.0,0.0,0.0,0.0
35WF,FINANCE - WITNESS FEES,total,98988,171518,171518,171518.0,171518.0,171518.0,171518.0,171518.0
13,FIRE,class_100,283319650,273966292,289014272,289256642.0,293079538.0,310466803.0,319925399.0,320416679.0
13,FIRE,class_200,6881741,6516272,6725272,6724702.0,6728143.0,6808282.0,6808729.0,6811352.0
13,FIRE,class_300_400,10653351,8831714,10081714,9192914.0,8975064.0,9177264.0,9191981.0,9225940.0
13,FIRE,class_500,557551,0,0,0.0,0.0,0.0,0.0,0.0
13,FIRE,class_700,0,0,0,0.0,0.0,0.0,0.0,0.0
13,FIRE,class_800,8259300,9235000,9235000,9882000.0,10574000.0,11315000.0,12108000.0,12108000.0
13,FIRE,class_900,0,0,0,0.0,0.0,0.0,0.0,0.0
13,FIRE,total,309671593,298549278,315056258,315056258.0,319356745.0,337767349.0,348034109.0,348561971.0
84,FIRST JUDICIAL DISTRICT,class_100,100719400,104792068,105610726,105324122.0,105324122.0,105324122.0,106140673.0,106140673.0
84,FIRST JUDICIAL DISTRICT,class_200,10285571,8480039,8480039,8480039.0,8480039.0,8480039.0,9426545.0,9426545.0
84,FIRST JUDICIAL DISTRICT,class_300_400,2231867,2231868,2231868,2231868.0,2231868.0,2231868.0,2231868.0,2231868.0
84,FIRST JUDICIAL DISTRICT,class_500,0,0,0,0.0,0.0,0.0,0.0,0.0
84,FIRST JUDICIAL DISTRICT,class_700,0,0,0,0.0,0.0,0.0,0.0,0.0
84,FIRST JUDICIAL DISTRICT,class_800,0,0,0,0.0,0.0,0.0,0.0,0.0
84,FIRST JUDICIAL DISTRICT,class_900,0,0,0,0.0,0.0,0.0,0.0,0.0
84,FIRST JUDICIAL DISTRICT,total,113236838,115503975,116322633,116036029.0,116036029.0,116036029.0,117799086.0,117799086.0
25,FLEET MANAGEMENT,class_100,18501080,19416871,19599366,19073455.0,19090680.0,19090680.0,19839968.0,19839968.0
25,FLEET MANAGEMENT,class_200,5674493,5305396,5305396,5353396.0,5401396.0,5449396.0,5449396.0,5449396.0
25,FLEET MANAGEMENT,class_300_400,22820417,25391767,25391767,22376873.0,22376873.0,22376873.0,26463211.0,26463211.0
25,FLEET MANAGEMENT,class_500,10000,0,0,0.0,0.0,0.0,0.0,0.0
25,FLEET MANAGEMENT,class_700,0,0,0,0.0,0.0,0.0,0.0,0.0
25,FLEET MANAGEMENT,class_800,0,0,0,0.0,0.0,0.0,0.0,0.0
25,FLEET MANAGEMENT,class_900,0,0,0,0.0,0.0,0.0,0.0,0.0
25,FLEET MANAGEMENT,total,47005990,50114034,50296529,46803724.0,46868949.0,46916949.0,51752575.0,51752575.0
25V,FLEET MANAGEMENT - VEHICLE LEASE/PURCHASE,class_100,0,0,0,0.0,0.0,0.0,0.0,0.0
25V,FLEET MANAGEMENT - VEHICLE LEASE/PURCHASE,class_200,0,0,0,0.0,0.0,0.0,0.0,0.0
25V,FLEET MANAGEMENT - VEHICLE LEASE/PURCHASE,class_300_400,17297617,17286549,17286549,9797739.0,9797739.0,9797739.0,14797739.0,14797739.0
25V,FLEET MANAGEMENT - VEHICLE LEASE/PURCHASE,class_500,0,0,0,0.0,0.0,0.0,0.0,0.0
25V,FLEET MANAGEMENT - VEHICLE LEASE/PURCHASE,class_700,0,0,0,0.0,0.0,0.0,0.0,0.0
25V,FLEET MANAGEMENT - VEHICLE LEASE/PURCHASE,class_800,0,0,0,0.0,0.0,0.0,0.0,0.0
25V,FLEET MANAGEMENT - VEHICLE LEASE/PURCHASE,class_900,0,0,0,0.0,0.0,0.0,0.0,0.0
25V,FLEET MANAGEMENT - VEHICLE LEASE/PURCHASE,total,17297617,17286549,17286549,9797739.0,9797739.0,9797739.0,14797739.0,14797739.0
52,FREE LIBRARY,class_100,38004616,40633647,41140877,35549343.0,35602683.0,35615861.0,44310753.0,44310753.0
52,FREE LIBRARY,class_200,2289223,2824077,2824077,2259262.0,2259262.0,2259262.0,2824077.0,2824077.0
52,FREE LIBRARY,class_300_400,2302657,2302659,2302659,1842128.0,1842128.0,1842128.0,2302659.0,2302659.0
52,FREE LIBRARY,class_500,0,0,0,0.0,0.0,0.0,0.0,0.0
52,FREE LIBRARY,class_700,0,0,0,0.0,0.0,0.0,0.0,0.0
52,FREE LIBRARY,class_800,0,0,0,0.0,0.0,0.0,0.0,0.0
52,FREE LIBRARY,class_900,0,0,0,0.0,0.0,0.0,0.0,0.0
52,FREE LIBRARY,total,42596496,45760383,46267613,39650733.0,39704073.0,39717251.0,49437489.0,49437489.0
54,HUMAN RELATIONS COMMISSION,class_100,2071428,2323714,2360050,2360285.0,2369175.0,2369175.0,2527862.0,2527862.0
54,HUMAN RELATIONS COMMISSION,class_200,33162,34657,34657,34657.0,34657.0,34657.0,34657.0,34657.0
54,HUMAN RELATIONS COMMISSION,class_300_400,22666,28031,28031,28031.0,28031.0,28031.0,28031.0,28031.0
54,HUMAN RELATIONS COMMISSION,class_500,0,0,0,0.0,0.0,0.0,0.0,0.0
54,HUMAN RELATIONS COMMISSION,class_700,0,0,0,0.0,0.0,0.0,0.0,0.0
54,HUMAN RELATIONS COMMISSION,class_800,0,0,0,0.0,0.0,0.0,0.0,0.0
54,HUMAN RELATIONS COMMISSION,class_900,0,0,0,0.0,0.0,0.0,0.0,0.0
54,HUMAN RELATIONS COMMISSION,total,2127256,2386402,2422738,2422973.0,2431863.0,2431863.0,2590550.0,2590550.0
22,HUMAN SERVICES,class_100,22738842,27646449,28714875,31673433.42,31757866.42,31772866.42,32201357.42,32201357.42
22,HUMAN SERVICES,class_200,82756805,89248594,89248594,129305230.0,136414196.0,140600954.0,155887523.0,155887523.0
22,HUMAN SERVICES,class_300_400,1758129,2069970,2069970,2111970.0,2111970.0,2111970.0,2111970.0,2111970.0
22,HUMAN SERVICES,class_500,193679,0,0,0.0,0.0,0.0,0.0,0.0
22,HUMAN SERVICES,class_700,0,0,0,0.0,0.0,0.0,0.0,0.0
22,HUMAN SERVICES,class_800,0,0,0,0.0,0.0,0.0,0.0,0.0
22,HUMAN SERVICES,class_900,0,0,0,0.0,0.0,0.0,0.0,0.0
22,HUMAN SERVICES,total,107447455,118965013,120033439,163090633.42000002,170284032.42000002,174485790.42000002,190200850.42000002,190200850.42000002
03,LABOR,class_100,1586766,2065091,2121104,2395467.0,2435180.0,2435180.0,2656104.0,2656104.0
03,LABOR,class_200,171473,321277,330317,357217.0,198817.0,298817.0,388317.0,388317.0
03,LABOR,class_300_400,11292,68460,59420,86420.0,25420.0,25420.0,27420.0,27420.0
03,LABOR,class_500,0,0,0,0.0,0.0,0.0,0.0,0.0
03,LABOR,class_700,0,0,0,0.0,0.0,0.0,0.0,0.0
03,LABOR,class_800,0,0,0,0.0,0.0,0.0,0.0,0.0
03,LABOR,class_900,0,0,0,0.0,0.0,0.0,0.0,0.0
03,LABOR,total,1769531,2454828,2510841,2839104.0,2659417.0,2759417.0,3071841.0,3071841.0
44,LAW,class_100,8802032,9427335,9715678,9520003.0,9709239.0,9759239.0,9922239.0,9922239.0
44,LAW,class_200,6424340,6409034,6409034,5309427.0,5409427.0,5409427.0,6409034.0,6409034.0
44,LAW,class_300_400,236447,248676,248676,184676.0,184676.0,184676.0,248676.0,248676.0
44,LAW,class_500,0,0,0,0.0,0.0,0.0,0.0,0.0
44,LAW,class_700,0,0,0,0.0,0.0,0.0,0.0,0.0
44,LAW,class_800,0,0,0,0.0,0.0,0.0,0.0,0.0
44,LAW,class_900,0,0,0,0.0,0.0,0.0,0.0,0.0
44,LAW,total,15462819,16085045,16373388,15014106.0,15303342.0,15353342.0,16579949.0,16579949.0
26,LICENSES AND INSPECTIONS,class_100,23626633,25967209,26811159,23970217.0,24013753.0,23633753.0,26201698.0,26201698.0
26,LICENSES AND INSPECTIONS,class_200,13464166,14403945,12403945,13447002.0,13055703.0,12779453.0,14279453.0,14279453.0
26,LICENSES AND INSPECTIONS,class_300_400,932312,911397,1165241,834475.0,834475.0,834475.0,934475.0,934475.0
26,LICENSES AND INSPECTIONS,class_500,288595,0,0,0.0,0.0,0.0,0.0,0.0
26,LICENSES AND INSPECTIONS,class_700,0,0,0,0.0,0.0,0.0,0.0,0.0
26,LICENSES AND INSPECTIONS,class_800,0,0,0,0.0,0.0,0.0,0.0,0.0
26,LICENSES AND INSPECTIONS,class_900,0,0,0,0.0,0.0,0.0,0.0,0.0
26,LICENSES AND INSPECTIONS,total,38311706,41282551,40380345,38251694.0,37903931.0,37247681.0,41415626.0,41415626.0
29,L+I - BOARD OF BUILDING STANDARDS,class_100,83562,80366,80602,82018.0,82018.0,82018.0,82018.0,82018.0
29,L+I - BOARD OF BUILDING STANDARDS,class_200,0,0,0,0.0,0.0,0.0,0.0,0.0
29,L+I - BOARD OF BUILDING STANDARDS,class_300_400,0,0,0,0.0,0.0,0.0,0.0,0.0
29,L+I - BOARD OF BUILDING STANDARDS,class_500,0,0,0,0.0,0.0,0.0,0.0,0.0
29,L+I - BOARD OF BUILDING STANDARDS,class_700,0,0,0,0.0,0.0,0.0,0.0,0.0
29,L+I - BOARD OF BUILDING STANDARDS,class_800,0,0,0,0.0,0.0,0.0,0.0,0.0
29,L+I - BOARD OF BUILDING STANDARDS,class_900,0,0,0,0.0,0.0,0.0,0.0,0.0
29,L+I - BOARD OF BUILDING STANDARDS,total,83562,80366,80602,82018.0,82018.0,82018.0,82018.0,82018.0
27,L+I - BOARD OF L+I REVIEW,class_100,129561,163434,165175,165635.0,165635.0,165635.0,165635.0,165635.0
27,L+I - BOARD OF L+I REVIEW,class_200,10436,10436,10436,10436.0,10436.0,10436.0,10436.0,10436.0
27,L+I - BOARD OF L+I REVIEW,class_300_400,0,0,0,0.0,0.0,0.0,0.0,0.0
27,L+I - BOARD OF L+I REVIEW,class_500,0,0,0,0.0,0.0,0.0,0.0,0.0
27,L+I - BOARD OF L+I REVIEW,class_700,0,0,0,0.0,0.0,0.0,0.0,0.0
27,L+I - BOARD OF L+I REVIEW,class_800,0,0,0,0.0,0.0,0.0,0.0,0.0
27,L+I - BOARD OF L+I REVIEW,class_900,0,0,0,0.0,0.0,0.0,0.0,0.0
27,L+I - BOARD OF L+I REVIEW,total,139997,173870,175611,176071.0,176071.0,176071.0,176071.0,176071.0
10,MANAGING DIRECTOR,class_100,20519487,23170579,50147542,36119907.0,36216142.0,36444735.0,41732760.0,41770105.0
10,MANAGING DIRECTOR,class_200,23689437,30973162,59119663,31588550.0,32731938.0,32754440.0,41578754.0,41578754.0
10,MANAGING DIRECTOR,class_300_400,837796,1136979,41339979,1556787.0,1190059.0,1190059.0,1598979.0,1598979.0
10,MANAGING DIRECTOR,class_500,258205,0,10000000,1350000.0,1350000.0,1350000.0,1350000.0,1350000.0
10,MANAGING DIRECTOR,class_700,0,0,0,0.0,0.0,0.0,0.0,0.0
10,MANAGING DIRECTOR,class_800,0,0,0,0.0,0.0,0.0,0.0,0.0
10,MANAGING DIRECTOR,class_900,0,0,0,0.0,0.0,0.0,0.0,0.0
10,MANAGING DIRECTOR,total,45304925,55280720,160607184,70615244.0,71488139.0,71739234.0,86260493.0,86297838.0
10LS,MANAGING DIRECTOR - LEGAL SERVICES (Div 46),class_100,0,0,0,0.0,0.0,0.0,0.0,0.0
10LS,MANAGING DIRECTOR - LEGAL SERVICES (Div 46),class_200,51574391,50938541,50938541,50104181.0,50104181.0,50104181.0,52138541.0,52138541.0
10LS,MANAGING DIRECTOR - LEGAL SERVICES (Div 46),class_300_400,0,0,0,0.0,0.0,0.0,0.0,0.0
10LS,MANAGING DIRECTOR - LEGAL SERVICES (Div 46),class_500,0,0,0,0.0,0.0,0.0,0.0,0.0
10LS,MANAGING DIRECTOR - LEGAL SERVICES (Div 46),class_700,0,0,0,0.0,0.0,0.0,0.0,0.0
10LS,MANAGING DIRECTOR - LEGAL SERVICES (Div 46),class_800,0,0,0,0.0,0.0,0.0,0.0,0.0
10LS,MANAGING DIRECTOR - LEGAL SERVICES (Div 46),class_900,0,0,0,0.0,0.0,0.0,0.0,0.0
10LS,MANAGING DIRECTOR - LEGAL SERVICES (Div 46),total,51574391,50938541,50938541,50104181.0,50104181.0,50104181.0,52138541.0,52138541.0
05,MAYOR,class_100,4779593,5393827,5578480,5775991.0,5892600.0,5892600.0,6472930.0,6472930.0
05,MAYOR,class_200,641167,684965,684965,646260.0,646260.0,596260.0,684965.0,684965.0
05,MAYOR,class_300_400,14978,34841,34841,41341.0,41341.0,41341.0,51841.0,51841.0
05,MAYOR,class_500,0,0,0,0.0,0.0,0.0,0.0,0.0
05,MAYOR,class_700,0,0,0,0.0,0.0,0.0,0.0,0.0
05,MAYOR,class_800,0,0,0,0.0,0.0,0.0,0.0,0.0
05,MAYOR,class_900,0,0,0,0.0,0.0,0.0,0.0,0.0
05,MAYOR,total,5435738,6113633,6298286,6463592.0,6580201.0,6530201.0,7209736.0,7209736.0
05S,MAYOR - SCHOLARSHIPS,class_100,0,0,0,0.0,0.0,0.0,0.0,0.0
05S,MAYOR - SCHOLARSHIPS,class_200,0,0,0,0.0,0.0,0.0,0.0,0.0
05S,MAYOR - SCHOLARSHIPS,class_300_400,0,0,0,0.0,0.0,0.0,0.0,0.0
05S,MAYOR - SCHOLARSHIPS,class_500,181000,200000,200000,100000.0,100000.0,100000.0,200000.0,200000.0
05S,MAYOR - SCHOLARSHIPS,class_700,0,0,0,0.0,0.0,0.0,0.0,0.0
05S,MAYOR - SCHOLARSHIPS,class_800,0,0,0,0.0,0.0,0.0,0.0,0.0
05S,MAYOR - SCHOLARSHIPS,class_900,0,0,0,0.0,0.0,0.0,0.0,0.0
05S,MAYOR - SCHOLARSHIPS,total,181000,200000,200000,100000.0,100000.0,100000.0,200000.0,200000.0
50,MURAL ARTS PROGRAM,class_100,587931,638987,649569,578952.0,586569.0,586569.0,629569.0,629569.0
50,MURAL ARTS PROGRAM,class_200,1779296,1860615,1895615,1545610.0,1545610.0,1545610.0,2000615.0,2000615.0
50,MURAL ARTS PROGRAM,class_300_400,0,0,0,0.0,0.0,0.0,0.0,0.0
50,MURAL ARTS PROGRAM,class_500,0,0,0,0.0,0.0,0.0,0.0,0.0
50,MURAL ARTS PROGRAM,class_700,0,0,0,0.0,0.0,0.0,0.0,0.0
50,MURAL ARTS PROGRAM,class_800,0,0,0,0.0,0.0,0.0,0.0,0.0
50,MURAL ARTS PROGRAM,class_900,0,0,0,0.0,0.0,0.0,0.0,0.0
50,MURAL ARTS PROGRAM,total,2367227,2499602,2545184,2124562.0,2132179.0,2132179.0,2630184.0,2630184.0
58,OFFICE OF ARTS AND CULTURE AND THE CREATIVE ECONOMY,class_100,453399,508300,579428,0.0,0.0,0.0,0.0,0.0
58,OFFICE OF ARTS AND CULTURE AND THE CREATIVE ECONOMY,class_200,481065,212014,212014,0.0,0.0,0.0,0.0,0.0
58,OFFICE OF ARTS AND CULTURE AND THE CREATIVE ECONOMY,class_300_400,5298,7000,7000,0.0,0.0,0.0,0.0,0.0
58,OFFICE OF ARTS AND CULTURE AND THE CREATIVE ECONOMY,class_500,3370688,3370688,3620688,0.0,0.0,0.0,0.0,0.0
58,OFFICE OF ARTS AND CULTURE AND THE CREATIVE ECONOMY,class_700,0,0,0,0.0,0.0,0.0,0.0,0.0
58,OFFICE OF ARTS AND CULTURE AND THE CREATIVE ECONOMY,class_800,0,0,0,0.0,0.0,0.0,0.0,0.0
58,OFFICE OF ARTS AND CULTURE AND THE CREATIVE ECONOMY,class_900,0,0,0,0.0,0.0,0.0,0.0,0.0
58,OFFICE OF ARTS AND CULTURE AND THE CREATIVE ECONOMY,total,4310450,4098002,4419130,0.0,0.0,0.0,0.0,0.0
15,OFFICE OF BEHAVIORAL HEALTH AND INTELLECTUAL DISABILITY,class_100,1580748,1534468,1556209,1546510.0,1561688.0,1561688.0,1561688.0,1561688.0
15,OFFICE OF BEHAVIORAL HEALTH AND INTELLECTUAL DISABILITY,class_200,15534786,14360976,14360976,13930892.0,13930892.0,13930892.0,13930892.0,13930892.0
15,OFFICE OF BEHAVIORAL HEALTH AND INTELLECTUAL DISABILITY,class_300_400,0,0,0,0.0,0.0,0.0,0.0,0.0
15,OFFICE OF BEHAVIORAL HEALTH AND INTELLECTUAL DISABILITY,class_500,0,0,0,0.0,0.0,0.0,0.0,0.0
15,OFFICE OF BEHAVIORAL HEALTH AND INTELLECTUAL DISABILITY,class_700,0,0,0,0.0,0.0,0.0,0.0,0.0
15,OFFICE OF BEHAVIORAL HEALTH AND INTELLECTUAL DISABILITY,class_800,0,0,0,0.0,0.0,0.0,0.0,0.0
15,OFFICE OF BEHAVIORAL HEALTH AND INTELLECTUAL DISABILITY,class_900,0,0,0,0.0,0.0,0.0,0.0,0.0
15,OFFICE OF BEHAVIORAL HEALTH AND INTELLECTUAL DISABILITY,total,17115534,15895444,15917185,15477402.0,15492580.0,15492580.0,15492580.0,15492580.0
65,OFFICE OF THE CHIEF ADMINISTRATIVE OFFICER,class_100,3831785,4784551,4866328,4256565.0,4259797.0,4199797.0,4618962.0,4618962.0
65,OFFICE OF THE CHIEF ADMINISTRATIVE OFFICER,class_200,2151907,2627049,2627049,2050549.0,1650549.0,1650549.0,2502049.0,2502049.0
65,OFFICE OF THE CHIEF ADMINISTRATIVE OFFICER,class_300_400,12730,26665,26665,26665.0,26665.0,26665.0,26665.0,26665.0
65,OFFICE OF THE CHIEF ADMINISTRATIVE OFFICER,class_500,0,0,0,0.0,0.0,0.0,0.0,0.0
65,OFFICE OF THE CHIEF ADMINISTRATIVE OFFICER,class_700,0,0,0,0.0,0.0,0.0,0.0,0.0
65,OFFICE OF THE CHIEF ADMINISTRATIVE OFFICER,class_800,0,0,0,0.0,0.0,0.0,0.0,0.0
65,OFFICE OF THE CHIEF ADMINISTRATIVE OFFICER,class_900,0,0,0,0.0,0.0,0.0,0.0,0.0
65,OFFICE OF THE CHIEF ADMINISTRATIVE OFFICER,total,5996422,7438265,7520042,6333779.0,5937011.0,5877011.0,7147676.0,7147676.0
08,OFFICE OF COMMUNITY EMPOWERMENT & OPPORTUNITY (formerly MOCS 08),class_100,90000,90000,90000,45000.0,45000.0,45000.0,90000.0,90000.0
08,OFFICE OF COMMUNITY EMPOWERMENT & OPPORTUNITY (formerly MOCS 08),class_200,-1750,0,0,0.0,0.0,0.0,0.0,0.0
08,OFFICE OF COMMUNITY EMPOWERMENT & OPPORTUNITY (formerly MOCS 08),class_300_400,0,0,0,0.0,0.0,0.0,0.0,0.0
08,OFFICE OF COMMUNITY EMPOWERMENT & OPPORTUNITY (formerly MOCS 08),class_500,0,0,0,0.0,0.0,0.0,0.0,0.0
08,OFFICE OF COMMUNITY EMPOWERMENT & OPPORTUNITY (formerly MOCS 08),class_700,0,0,0,0.0,0.0,0.0,0.0,0.0
08,OFFICE OF COMMUNITY EMPOWERMENT & OPPORTUNITY (formerly MOCS 08),class_800,0,0,0,0.0,0.0,0.0,0.0,0.0
08,OFFICE OF COMMUNITY EMPOWERMENT & OPPORTUNITY (formerly MOCS 08),class_900,0,0,0,0.0,0.0,0.0,0.0,0.0
08,OFFICE OF COMMUNITY EMPOWERMENT & OPPORTUNITY (formerly MOCS 08),total,88250,90000,90000,45000.0,45000.0,45000.0,90000.0,90000.0
66,OFFICE OF CHILDREN AND FAMILIES (formerly known as OFFICE OF EDUCATION),class_100,2318022,3292180,3292180,418820.0,442000.0,442000.0,442000.0,442000.0
66,OFFICE OF CHILDREN AND FAMILIES (formerly known as OFFICE OF EDUCATION),class_200,23777911,42015834,39115834,0.0,0.0,0.0,0.0,0.0
66,OFFICE OF CHILDREN AND FAMILIES (formerly known as OFFICE OF EDUCATION),class_300_400,18986,42000,42000,0.0,0.0,0.0,0.0,0.0
66,OFFICE OF CHILDREN AND FAMILIES (formerly known as OFFICE OF EDUCATION),class_500,26530,0,1500000,0.0,0.0,0.0,0.0,0.0
66,OFFICE OF CHILDREN AND FAMILIES (formerly known as OFFICE OF EDUCATION),class_700,0,0,0,0.0,0.0,0.0,0.0,0.0
66,OFFICE OF CHILDREN AND FAMILIES (formerly known as OFFICE OF EDUCATION),class_800,0,0,0,0.0,0.0,0.0,0.0,0.0
66,OFFICE OF CHILDREN AND FAMILIES (formerly known as OFFICE OF EDUCATION),class_900,0,0,0,0.0,0.0,0.0,0.0,0.0
66,OFFICE OF CHILDREN AND FAMILIES (formerly known as OFFICE OF EDUCATION),total,26141449,45350014,43950014,418820.0,442000.0,442000.0,442000.0,442000.0
24,OFFICE OF HOMELESS SERVICES,class_100,9056465,9545748,9657675,8068689.0,8102866.0,8102866.0,9876542.0,9876542.0
24,OFFICE OF HOMELESS SERVICES,class_200,47319839,50023423,50879286,35593350.0,34060449.0,34727722.0,49471326.0,49471326.0
24,OFFICE OF HOMELESS SERVICES,class_300_400,336903,344127,344127,344127.0,344127.0,344127.0,344127.0,344127.0
24,OFFICE OF HOMELESS SERVICES,class_500,56382,32421,32421,32421.0,32421.0,32421.0,32421.0,32421.0
24,OFFICE OF HOMELESS SERVICES,class_700,0,0,0,0.0,0.0,0.0,0.0,0.0
24,OFFICE OF HOMELESS SERVICES,class_800,0,0,0,0.0,0.0,0.0,0.0,0.0
24,OFFICE OF HOMELESS SERVICES,class_900,0,0,0,0.0,0.0,0.0,0.0,0.0
24,OFFICE OF HOMELESS SERVICES,total,56769589,59945719,60913509,44038587.0,42539863.0,43207136.0,59724416.0,59724416.0
56,OFFICE OF HUMAN RESOURCES,class_100,4913051,5555785,5608379,5290733.0,5312792.0,5312792.0,5676838.0,5676838.0
56,OFFICE OF HUMAN RESOURCES,class_200,707646,1229070,1229070,877570.0,797570.0,797570.0,1239070.0,1239070.0
56,OFFICE OF HUMAN RESOURCES,class_300_400,50356,89432,89432,69432.0,69432.0,69432.0,69432.0,69432.0
56,OFFICE OF HUMAN RESOURCES,class_500,24000,0,0,0.0,0.0,0.0,0.0,0.0
56,OFFICE OF HUMAN RESOURCES,class_700,0,0,0,0.0,0.0,0.0,0.0,0.0
56,OFFICE OF HUMAN RESOURCES,class_800,0,0,0,0.0,0.0,0.0,0.0,0.0
56,OFFICE OF HUMAN RESOURCES,class_900,0,0,0,0.0,0.0,0.0,0.0,0.0
56,OFFICE OF HUMAN RESOURCES,total,5695053,6874287,6926881,6237735.0,6179794.0,6179794.0,6985340.0,6985340.0
04,OFFICE OF INNOVATION AND TECHNOLOGY (Base),class_100,19846610,22462148,22886435,22822147.0,29589958.0,29263438.0,30565069.0,30604050.0
04,OFFICE OF INNOVATION AND TECHNOLOGY (Base),class_200,39982188,42805345,47217345,46576598.0,45173069.0,48292300.0,52075701.0,52075701.0
04,OFFICE OF INNOVATION AND TECHNOLOGY (Base),class_300_400,5855613,5931046,5931046,6396428.0,2983610.0,2983610.0,6355905.0,6355905.0
04,OFFICE OF INNOVATION AND TECHNOLOGY (Base),class_500,25000,0,0,0.0,0.0,0.0,0.0,0.0
04,OFFICE OF INNOVATION AND TECHNOLOGY (Base),class_700,0,0,0,0.0,0.0,0.0,0.0,0.0
04,OFFICE OF INNOVATION AND TECHNOLOGY (Base),class_800,0,0,0,0.0,0.0,0.0,0.0,0.0
04,OFFICE OF INNOVATION AND TECHNOLOGY (Base),class_900,0,0,0,0.0,0.0,0.0,0.0,0.0
04,OFFICE OF INNOVATION AND TECHNOLOGY (Base),total,65709411,71198539,76034826,75795173.0,77746637.0,80539348.0,88996675.0,89035656.0
04-911,OFFICE OF INNOVATION AND TECHNOLOGY - 911  (Div 14),class_100,1028676,1416547,1416547,1341547.0,1341547.0,1341547.0,1341547.0,1341547.0
04-911,OFFICE OF INNOVATION AND TECHNOLOGY - 911  (Div 14),class_200,10378486,26280561,26280561,29159009.0,15237321.0,15237321.0,15237321.0,15237321.0
04-911,OFFICE OF INNOVATION AND TECHNOLOGY - 911  (Div 14),class_300_400,1488301,13537978,13537978,23064399.0,8064399.0,8064399.0,8064399.0,8064399.0
04-911,OFFICE OF INNOVATION AND TECHNOLOGY - 911  (Div 14),class_500,0,0,0,0.0,0.0,0.0,0.0,0.0
04-911,OFFICE OF INNOVATION AND TECHNOLOGY - 911  (Div 14),class_700,0,0,0,0.0,0.0,0.0,0.0,0.0
04-911,OFFICE OF INNOVATION AND TECHNOLOGY - 911  (Div 14),class_800,0,0,0,0.0,0.0,0.0,0.0,0.0
04-911,OFFICE OF INNOVATION AND TECHNOLOGY - 911  (Div 14),class_900,0,0,0,0.0,0.0,0.0,0.0,0.0
04-911,OFFICE OF INNOVATION AND TECHNOLOGY - 911  (Div 14),total,12895463,41235086,41235086,53564955.0,24643267.0,24643267.0,24643267.0,24643267.0
48,OFFICE OF THE INSPECTOR GENERAL,class_100,1415627,1577241,1639223,1472481.0,1504223.0,1504223.0,1764223.0,1764223.0
48,OFFICE OF THE INSPECTOR GENERAL,class_200,93079,97975,97975,97975.0,97975.0,97975.0,97975.0,97975.0
48,OFFICE OF THE INSPECTOR GENERAL,class_300_400,5147,5225,5225,5225.0,5225.0,5225.0,5225.0,5225.0
48,OFFICE OF THE INSPECTOR GENERAL,class_500,0,0,0,0.0,0.0,0.0,0.0,0.0
48,OFFICE OF THE INSPECTOR GENERAL,class_700,0,0,0,0.0,0.0,0.0,0.0,0.0
48,OFFICE OF THE INSPECTOR GENERAL,class_800,0,0,0,0.0,0.0,0.0,0.0,0.0
48,OFFICE OF THE INSPECTOR GENERAL,class_900,0,0,0,0.0,0.0,0.0,0.0,0.0
48,OFFICE OF THE INSPECTOR GENERAL,total,1513853,1680441,1742423,1575681.0,1607423.0,1607423.0,1867423.0,1867423.0
59,OFFICE OF PROPERTY ASSESSMENT,class_100,12500926,14127682,14271114,12918061.0,12954744.0,12954744.0,14160744.0,14160744.0
59,OFFICE OF PROPERTY ASSESSMENT,class_200,991148,2403126,2403126,2420632.0,2136358.0,2036358.0,2568126.0,2568126.0
59,OFFICE OF PROPERTY ASSESSMENT,class_300_400,442723,787600,787600,762600.0,762600.0,762600.0,787600.0,787600.0
59,OFFICE OF PROPERTY ASSESSMENT,class_500,0,0,0,0.0,0.0,0.0,0.0,0.0
59,OFFICE OF PROPERTY ASSESSMENT,class_700,0,0,0,0.0,0.0,0.0,0.0,0.0
59,OFFICE OF PROPERTY ASSESSMENT,class_800,0,0,0,0.0,0.0,0.0,0.0,0.0
59,OFFICE OF PROPERTY ASSESSMENT,class_900,0,0,0,0.0,0.0,0.0,0.0,0.0
59,OFFICE OF PROPERTY ASSESSMENT,total,13934797,17318408,17461840,16101293.0,15853702.0,15753702.0,17516470.0,17516470.0
49,OFFICE OF SUSTAINABILITY,class_100,548133,551910,556456,603814.0,646582.0,646582.0,1087456.0,1087456.0
49,OFFICE OF SUSTAINABILITY,class_200,390326,393508,643508,423366.0,423366.0,423366.0,1143508.0,1143508.0
49,OFFICE OF SUSTAINABILITY,class_300_400,17219,17840,17840,1000.0,1000.0,1000.0,17840.0,17840.0
49,OFFICE OF SUSTAINABILITY,class_500,0,0,0,0.0,0.0,0.0,0.0,0.0
49,OFFICE OF SUSTAINABILITY,class_700,0,0,0,0.0,0.0,0.0,0.0,0.0
49,OFFICE OF SUSTAINABILITY,class_800,0,250000,250000,175000.0,175000.0,175000.0,250000.0,250000.0
49,OFFICE OF SUSTAINABILITY,class_900,0,0,0,0.0,0.0,0.0,0.0,0.0
49,OFFICE OF SUSTAINABILITY,total,955678,1213258,1467804,1203180.0,1245948.0,1245948.0,2498804.0,2498804.0
16,PARKS AND RECREATION,class_100,48579951,52490935,52932553,46921787.0,47348940.0,47939064.0,55648999.0,55648999.0
16,PARKS AND RECREATION,class_200,9632966,7115490,7224224,4482142.0,4410142.0,4450142.0,6535490.0,6535490.0
16,PARKS AND RECREATION,class_300_400,2745309,2740630,2970630,2022225.0,2022225.0,2022225.0,2740630.0,2740630.0
16,PARKS AND RECREATION,class_500,4636049,2711000,2711000,1500000.0,1500000.0,1500000.0,2511000.0,2511000.0
16,PARKS AND RECREATION,class_700,0,0,0,0.0,0.0,0.0,0.0,0.0
16,PARKS AND RECREATION,class_800,1550000,0,0,0.0,0.0,0.0,0.0,0.0
16,PARKS AND RECREATION,class_900,0,0,0,0.0,0.0,0.0,0.0,0.0
16,PARKS AND RECREATION,total,67144275,65058055,65838407,54926154.0,55281307.0,55911431.0,67436119.0,67436119.0
72,PLANNING & DEVELOPMENT,class_100,4695950,5167172,5206876,4834959.0,4873604.0,4873604.0,5346734.0,5346734.0
72,PLANNING & DEVELOPMENT,class_200,3740958,5192113,5192113,3619463.0,3589463.0,3589463.0,4087113.0,4087113.0
72,PLANNING & DEVELOPMENT,class_300_400,54003,101461,101461,80761.0,80761.0,80761.0,81461.0,81461.0
72,PLANNING & DEVELOPMENT,class_500,3990780,1350000,6350000,0.0,0.0,0.0,7119188.0,7119188.0
72,PLANNING & DEVELOPMENT,class_700,0,0,0,0.0,0.0,0.0,0.0,0.0
72,PLANNING & DEVELOPMENT,class_800,0,0,0,0.0,0.0,0.0,0.0,0.0
72,PLANNING & DEVELOPMENT,class_900,0,0,0,0.0,0.0,0.0,0.0,0.0
72,PLANNING & DEVELOPMENT,total,12481691,11810746,16850450,8535183.0,8543828.0,8543828.0,16634496.0,16634496.0
11,POLICE,class_100,685445815,718359324,726496175,704077967.0,704349409.0,704349409.0,704349409.0,704349409.0
11,POLICE,class_200,7710091,8353063,8169063,10135755.0,9867373.0,9867373.0,9867373.0,9867373.0
11,POLICE,class_300_400,13494447,14452710,14386710,12794012.0,12790952.0,12790952.0,12790952.0,12790952.0
11,POLICE,class_500,21254586,0,0,0.0,0.0,0.0,0.0,0.0
11,POLICE,class_700,0,0,0,0.0,0.0,0.0,0.0,0.0
11,POLICE,class_800,0,0,0,0.0,0.0,0.0,0.0,0.0
11,POLICE,class_900,0,0,0,0.0,0.0,0.0,0.0,0.0
11,POLICE,total,727904939,741165097,749051948,727007734.0,727007734.0,727007734.0,727007734.0,727007734.0
23,PRISONS,class_100,138537912,139765668,141575330,126599446.0,126635188.0,126635188.0,126635188.0,126635188.0
23,PRISONS,class_200,92504851,92842354,106466354,88351948.0,87375948.0,87375948.0,87375948.0,87375948.0
23,PRISONS,class_300_400,4331144,4373744,4373744,4016769.0,4016769.0,4016769.0,4016769.0,4016769.0
23,PRISONS,class_500,1668749,1201757,1201757,1201757.0,1201757.0,1201757.0,1201757.0,1201757.0
23,PRISONS,class_700,0,0,0,0.0,0.0,0.0,0.0,0.0
23,PRISONS,class_800,0,0,0,0.0,0.0,0.0,0.0,0.0
23,PRISONS,class_900,0,0,0,0.0,0.0,0.0,0.0,0.0
23,PRISONS,total,237042656,238183523,253617185,220169920.0,219229662.0,219229662.0,219229662.0,219229662.0
38,PROCUREMENT,class_100,2402513,2709242,2765020,2436508.0,2450611.0,2450611.0,2783655.0,2783655.0
38,PROCUREMENT,class_200,2605252,2916267,2916267,2283634.0,2283634.0,2283634.0,2316267.0,2316267.0
38,PROCUREMENT,class_300_400,18118,49054,49054,40194.0,40194.0,40194.0,49054.0,49054.0
38,PROCUREMENT,class_500,0,0,0,0.0,0.0,0.0,0.0,0.0
38,PROCUREMENT,class_700,0,0,0,0.0,0.0,0.0,0.0,0.0
38,PROCUREMENT,class_800,0,0,0,0.0,0.0,0.0,0.0,0.0
38,PROCUREMENT,class_900,0,0,0,0.0,0.0,0.0,0.0,0.0
38,PROCUREMENT,total,5025883,5674563,5730341,4760336.0,4774439.0,4774439.0,5148976.0,5148976.0
14,PUBLIC HEALTH,class_100,57173653,58328165,58855060,57654465.0,57704718.0,57734118.0,60315998.0,60347188.0
14,PUBLIC HEALTH,class_200,72930947,90224827,83524827,90506143.0,90234054.0,90181428.0,95682631.0,95690303.0
14,PUBLIC HEALTH,class_300_400,7382017,7519148,7787348,6768973.0,6033903.0,5943903.0,6752378.0,6752378.0
14,PUBLIC HEALTH,class_500,697049,0,0,0.0,0.0,0.0,0.0,0.0
14,PUBLIC HEALTH,class_700,0,0,0,0.0,0.0,0.0,0.0,0.0
14,PUBLIC HEALTH,class_800,4500000,4500000,4500000,4423404.0,923404.0,923404.0,923404.0,923404.0
14,PUBLIC HEALTH,class_900,0,0,0,0.0,0.0,0.0,0.0,0.0
14,PUBLIC HEALTH,total,142683666,160572140,154667235,159352985.0,154896079.0,154782853.0,163674411.0,163713273.0
20,PUBLIC PROPERTY,class_100,8875590,9395654,9487678,10101149.0,10125246.0,10125246.0,12363020.0,12363020.0
20,PUBLIC PROPERTY,class_200,33313742,31314408,36914408,30549657.0,31088871.0,31643931.0,35066216.0,35135648.0
20,PUBLIC PROPERTY,class_300_400,1025176,1338535,1338535,1338535.0,1338535.0,1338535.0,1338535.0,1338535.0
20,PUBLIC PROPERTY,class_500,659401,0,0,0.0,0.0,0.0,0.0,0.0
20,PUBLIC PROPERTY,class_700,0,0,0,0.0,0.0,0.0,0.0,0.0
20,PUBLIC PROPERTY,class_800,27678626,26643000,26643000,28235000.0,29992000.0,31746000.0,33682000.0,33682000.0
20,PUBLIC PROPERTY,class_900,0,0,0,0.0,0.0,0.0,0.0,0.0
20,PUBLIC PROPERTY,total,71552535,68691597,74383621,70224341.0,72544652.0,74853712.0,82449771.0,82519203.0
20SS,PUBLIC PROPERTY - SEPTA SUBSIDY,class_100,0,0,0,0.0,0.0,0.0,0.0,0.0
20SS,PUBLIC PROPERTY - SEPTA SUBSIDY,class_200,84608000,87556000,86356000,84608000.0,91629000.0,94816000.0,98117000.0,101532000.0
20SS,PUBLIC PROPERTY - SEPTA SUBSIDY,class_300_400,0,0,0,0.0,0.0,0.0,0.0,0.0
20SS,PUBLIC PROPERTY - SEPTA SUBSIDY,class_500,0,0,0,0.0,0.0,0.0,0.0,0.0
20SS,PUBLIC PROPERTY - SEPTA SUBSIDY,class_700,0,0,0,0.0,0.0,0.0,0.0,0.0
20SS,PUBLIC PROPERTY - SEPTA SUBSIDY,class_800,0,0,0,0.0,0.0,0.0,0.0,0.0
20SS,PUBLIC PROPERTY - SEPTA SUBSIDY,class_900,0,0,0,0.0,0.0,0.0,0.0,0.0
20SS,PUBLIC PROPERTY - SEPTA SUBSIDY,total,84608000,87556000,86356000,84608000.0,91629000.0,94816000.0,98117000.0,101532000.0
20SR,PUBLIC PROPERTY - SPACE RENTALS,class_100,0,0,0,0.0,0.0,0.0,0.0,0.0
20SR,PUBLIC PROPERTY - SPACE RENTALS,class_200,20912273,26278677,26278677,25567715.0,25473164.0,25570423.0,30230784.0,31075653.0
20SR,PUBLIC PROPERTY - SPACE RENTALS,class_300_400,0,0,0,0.0,0.0,0.0,0.0,0.0
20SR,PUBLIC PROPERTY - SPACE RENTALS,class_500,0,0,0,0.0,0.0,0.0,0.0,0.0
20SR,PUBLIC PROPERTY - SPACE RENTALS,class_700,0,0,0,0.0,0.0,0.0,0.0,0.0
20SR,PUBLIC PROPERTY - SPACE RENTALS,class_800,0,0,0,0.0,0.0,0.0,0.0,0.0
20SR,PUBLIC PROPERTY - SPACE RENTALS,class_900,0,0,0,0.0,0.0,0.0,0.0,0.0
20SR,PUBLIC PROPERTY - SPACE RENTALS,total,20912273,26278677,26278677,25567715.0,25473164.0,25570423.0,30230784.0,31075653.0
20U,PUBLIC PROPERTY - UTILITIES,class_100,0,0,0,0.0,0.0,0.0,0.0,0.0
20U,PUBLIC PROPERTY - UTILITIES,class_200,25108810,27393339,27393339,25447623.0,26304495.0,27242881.0,28160163.0,29108406.0
20U,PUBLIC PROPERTY - UTILITIES,class_300_400,0,0,0,0.0,0.0,0.0,0.0,0.0
20U,PUBLIC PROPERTY - UTILITIES,class_500,0,0,0,0.0,0.0,0.0,0.0,0.0
20U,PUBLIC PROPERTY - UTILITIES,class_700,0,0,0,0.0,0.0,0.0,0.0,0.0
20U,PUBLIC PROPERTY - UTILITIES,class_800,0,0,0,0.0,0.0,0.0,0.0,0.0
20U,PUBLIC PROPERTY - UTILITIES,class_900,0,0,0,0.0,0.0,0.0,0.0,0.0
20U,PUBLIC PROPERTY - UTILITIES,total,25108810,27393339,27393339,25447623.0,26304495.0,27242881.0,28160163.0,29108406.0
31,RECORDS,class_100,2983490,3226285,3295922,3117312.0,3126359.0,3126359.0,3317819.0,3317819.0
31,RECORDS,class_200,1164571,1538779,1373779,743265.0,743265.0,743265.0,1538779.0,1538779.0
31,RECORDS,class_300_400,233688,143758,308758,143758.0,143758.0,143758.0,143758.0,143758.0
31,RECORDS,class_500,0,1456,1456,0.0,0.0,0.0,1456.0,1456.0
31,RECORDS,class_700,0,0,0,0.0,0.0,0.0,0.0,0.0
31,RECORDS,class_800,0,0,0,0.0,0.0,0.0,0.0,0.0
31,RECORDS,class_900,0,0,0,0.0,0.0,0.0,0.0,0.0
31,RECORDS,total,4381749,4910278,4979915,4004335.0,4013382.0,4013382.0,5001812.0,5001812.0
68,REGISTER OF WILLS,class_100,4262942,4286409,4299820,3956193.0,3956193.0,3956193.0,4380284.0,4380284.0
68,REGISTER OF WILLS,class_200,82583,125000,238700,125000.0,75486.0,75486.0,75486.0,75486.0
68,REGISTER OF WILLS,class_300_400,23706,140236,140236,140236.0,189750.0,189750.0,189750.0,189750.0
68,REGISTER OF WILLS,class_500,0,0,0,0.0,0.0,0.0,0.0,0.0
68,REGISTER OF WILLS,class_700,0,0,0,0.0,0.0,0.0,0.0,0.0
68,REGISTER OF WILLS,class_800,0,0,0,0.0,0.0,0.0,0.0,0.0
68,REGISTER OF WILLS,class_900,0,0,0,0.0,0.0,0.0,0.0,0.0
68,REGISTER OF WILLS,total,4369231,4551645,4678756,4221429.0,4221429.0,4221429.0,4645520.0,4645520.0
36,REVENUE,class_100,22700386,23934508,24217852,22648673.0,22765075.0,22765075.0,24593237.0,24593237.0
36,REVENUE,class_200,7706845,7755749,7755749,5787749.0,5787749.0,5787749.0,7812749.0,7812749.0
36,REVENUE,class_300_400,887779,1188976,1188976,774976.0,774976.0,774976.0,879976.0,879976.0
36,REVENUE,class_500,328357,0,0,0.0,0.0,0.0,0.0,0.0
36,REVENUE,class_700,0,0,0,0.0,0.0,0.0,0.0,0.0
36,REVENUE,class_800,0,0,0,0.0,0.0,0.0,0.0,0.0
36,REVENUE,class_900,0,0,0,0.0,0.0,0.0,0.0,0.0
36,REVENUE,total,31623367,32879233,33162577,29211398.0,29327800.0,29327800.0,33285962.0,33285962.0
70,SHERIFF,class_100,27638571,25443537,25662295,25192450.0,25192450.0,25192450.0,26088989.0,26088989.0
70,SHERIFF,class_200,613827,894517,894517,1105267.0,1105267.0,1105267.0,1105267.0,1105267.0
70,SHERIFF,class_300_400,650117,708907,708907,498157.0,498157.0,498157.0,498157.0,498157.0
70,SHERIFF,class_500,250743,0,0,0.0,0.0,0.0,0.0,0.0
70,SHERIFF,class_700,0,0,0,0.0,0.0,0.0,0.0,0.0
70,SHERIFF,class_800,0,0,0,0.0,0.0,0.0,0.0,0.0
70,SHERIFF,class_900,0,0,0,0.0,0.0,0.0,0.0,0.0
70,SHERIFF,total,29153258,27046961,27265719,26795874.0,26795874.0,26795874.0,27692413.0,27692413.0
37,SINKING FUND COMMISSION (DEBT SERVICE),class_100,0,0,0,0.0,0.0,0.0,0.0,0.0
37,SINKING FUND COMMISSION (DEBT SERVICE),class_200,97208487,109222498,102222498,96918314.0,107630658.0,120537138.0,128709377.0,128530733.0
37,SINKING FUND COMMISSION (DEBT SERVICE),class_300_400,0,0,0,0.0,0.0,0.0,0.0,0.0
37,SINKING FUND COMMISSION (DEBT SERVICE),class_500,0,0,0,0.0,0.0,0.0,0.0,0.0
37,SINKING FUND COMMISSION (DEBT SERVICE),class_700,159786966,187482819,187482819,185714117.0,203916919.0,216115419.0,235167513.0,245495557.0
37,SINKING FUND COMMISSION (DEBT SERVICE),class_800,0,0,0,0.0,0.0,0.0,0.0,0.0
37,SINKING FUND COMMISSION (DEBT SERVICE),class_900,0,0,0,0.0,0.0,0.0,0.0,0.0
37,SINKING FUND COMMISSION (DEBT SERVICE),total,256995453,296705317,289705317,282632431.0,311547577.0,336652557.0,363876890.0,374026290.0
12,STREETS - Disposal  (Class 0205 in Divisions 01 and 02),class_100,0,0,0,0.0,0.0,0.0,0.0,0.0
12,STREETS - Disposal  (Class 0205 in Divisions 01 and 02),class_200,47536717,48340013,48340013,51462580.0,52270378.0,53503636.0,55195419.0,56954817.0
12,STREETS - Disposal  (Class 0205 in Divisions 01 and 02),class_300_400,0,0,0,0.0,0.0,0.0,0.0,0.0
12,STREETS - Disposal  (Class 0205 in Divisions 01 and 02),class_500,0,0,0,0.0,0.0,0.0,0.0,0.0
12,STREETS - Disposal  (Class 0205 in Divisions 01 and 02),class_700,0,0,0,0.0,0.0,0.0,0.0,0.0
12,STREETS - Disposal  (Class 0205 in Divisions 01 and 02),class_800,0,0,0,0.0,0.0,0.0,0.0,0.0
12,STREETS - Disposal  (Class 0205 in Divisions 01 and 02),class_900,0,0,0,0.0,0.0,0.0,0.0,0.0
12,STREETS - Disposal  (Class 0205 in Divisions 01 and 02),total,47536717,48340013,48340013,51462580.0,52270378.0,53503636.0,55195419.0,56954817.0
12,STREETS (Excl. Disposal),class_100,83603511,90464913,92207341,87283619.0,89875194.0,92972429.0,104512349.0,104668989.0
12,STREETS (Excl. Disposal),class_200,5988310,10470639,6442850,8050100.0,8417345.0,8417345.0,8950095.0,8950095.0
12,STREETS (Excl. Disposal),class_300_400,7400620,7704196,8078596,6172885.0,6179207.0,5598280.0,14925386.0,6889386.0
12,STREETS (Excl. Disposal),class_500,14942017,53171,53171,53171.0,53171.0,53171.0,53171.0,53171.0
12,STREETS (Excl. Disposal),class_700,0,0,0,0.0,0.0,0.0,0.0,0.0
12,STREETS (Excl. Disposal),class_800,0,0,0,0.0,0.0,0.0,0.0,0.0
12,STREETS (Excl. Disposal),class_900,0,0,0,0.0,0.0,0.0,0.0,0.0
12,STREETS (Excl. Disposal),total,111934458,108692919,106781958,101559775.0,104524917.0,107041225.0,128441001.0,120561641.0
