Code,Department,Expenditure Class,FY22 Actual,FY23 Adopted Budget,FY23 Current Target,FY24 Estimate,FY25 Estimate,FY26 Estimate,FY27 Estimate,FY28 Estimate
34,ART MUSEUM SUBSIDY,class_100,0,0,0,0,0,0,0,0.0
34,ART MUSEUM SUBSIDY,class_200,0,0,0,0,0,0,0,0.0
34,ART MUSEUM SUBSIDY,class_300_400,0,0,0,0,0,0,0,0.0
34,ART MUSEUM SUBSIDY,class_500,2040000,2040000,2040000,2142000,2142000,2142000,2142000,2142000.0
34,ART MUSEUM SUBSIDY,class_700,0,0,0,0,0,0,0,0.0
34,ART MUSEUM SUBSIDY,class_800,0,0,0,0,0,0,0,0.0
34,ART MUSEUM SUBSIDY,class_900,0,0,0,0,0,0,0,0.0
34,ART MUSEUM SUBSIDY,total,2040000,2040000,2040000,2142000,2142000,2142000,2142000,2142000.0
61,AUDITING,class_100,9523506,10285869,10300191,10599672,10599672,10599672,10599672,10599672.0
61,AUDITING,class_200,469764,497450,497450,508573,508573,508573,508573,508573.0
61,AUDITING,class_300_400,11908,25000,25000,40000,40000,40000,40000,40000.0
61,AUDITING,class_500,0,0,0,0,0,0,0,0.0
61,AUDITING,class_700,0,0,0,0,0,0,0,0.0
61,AUDITING,class_800,0,0,0,0,0,0,0,0.0
61,AUDITING,class_900,0,0,0,0,0,0,0,0.0
61,AUDITING,total,10005178,10808319,10822641,11148245,11148245,11148245,11148245,11148245.0
45,BOARD OF ETHICS,class_100,848155,1121902,1082835,1322433,1322433,1322433,1322433,1322433.0
45,BOARD OF ETHICS,class_200,10614,52500,97500,52500,52500,52500,52500,52500.0
45,BOARD OF ETHICS,class_300_400,0,7500,7500,7500,7500,7500,7500,7500.0
45,BOARD OF ETHICS,class_500,0,0,0,0,0,0,0,0.0
45,BOARD OF ETHICS,class_700,0,0,0,0,0,0,0,0.0
45,BOARD OF ETHICS,class_800,0,0,0,0,0,0,0,0.0
45,BOARD OF ETHICS,class_900,0,0,0,0,0,0,0,0.0
45,BOARD OF ETHICS,total,858769,1181902,1187835,1382433,1382433,1382433,1382433,1382433.0
63,BOARD OF REVISION OF TAXES,class_100,988226,1057610,1064422,1089023,1089023,1089023,1089023,1089023.0
63,BOARD OF REVISION OF TAXES,class_200,35454,37900,62900,80681,40681,40681,40681,40681.0
63,BOARD OF REVISION OF TAXES,class_300_400,17201,17727,17727,22727,17727,17727,17727,17727.0
63,BOARD OF REVISION OF TAXES,class_500,0,0,0,0,0,0,0,0.0
63,BOARD OF REVISION OF TAXES,class_700,0,0,0,0,0,0,0,0.0
63,BOARD OF REVISION OF TAXES,class_800,0,0,0,0,0,0,0,0.0
63,BOARD OF REVISION OF TAXES,class_900,0,0,0,0,0,0,0,0.0
63,BOARD OF REVISION OF TAXES,total,1040881,1113237,1145049,1192431,1147431,1147431,1147431,1147431.0
73,CITY COMMISSIONERS,class_100,7768164,10927174,9909921,11193816,11193816,11193816,11193816,11193816.0
73,CITY COMMISSIONERS,class_200,8526175,15485101,12408992,14740101,18222965,14740101,14740101,14740101.0
73,CITY COMMISSIONERS,class_300_400,4148309,2649217,6753604,3183733,3447699,3183733,3183733,3183733.0
73,CITY COMMISSIONERS,class_500,62500,0,0,0,0,0,0,0.0
73,CITY COMMISSIONERS,class_700,0,0,0,0,0,0,0,0.0
73,CITY COMMISSIONERS,class_800,0,0,0,0,0,0,0,0.0
73,CITY COMMISSIONERS,class_900,0,0,0,0,0,0,0,0.0
73,CITY COMMISSIONERS,total,20505148,29061492,29072517,29117650,32864480,29117650,29117650,29117650.0
01,CITY COUNCIL,class_100,14383873,16325560,16419316,16700583,16700583,16700583,16700583,16700583.0
01,CITY COUNCIL,class_200,2358592,5021885,4821885,2521885,2521885,2521885,2521885,2521885.0
01,CITY COUNCIL,class_300_400,327495,528650,728650,528650,528650,528650,528650,528650.0
01,CITY COUNCIL,class_500,0,100,100,100,100,100,100,100.0
01,CITY COUNCIL,class_700,0,0,0,0,0,0,0,0.0
01,CITY COUNCIL,class_800,0,100,100,100,100,100,100,100.0
01,CITY COUNCIL,class_900,0,100,100,100,100,100,100,100.0
01,CITY COUNCIL,total,17069960,21876395,21970151,19751418,19751418,19751418,19751418,19751418.0
40,CITY TREASURER,class_100,1396762,1579598,1586929,1819025,1819025,1819025,1819025,1819025.0
40,CITY TREASURER,class_200,1209913,3116468,3116468,3251903,3251903,3251903,3251903,3251903.0
40,CITY TREASURER,class_300_400,10726,22224,22224,43724,43724,43724,43724,43724.0
40,CITY TREASURER,class_500,0,0,0,0,0,0,0,0.0
40,CITY TREASURER,class_700,0,0,0,0,0,0,0,0.0
40,CITY TREASURER,class_800,0,0,0,0,0,0,0,0.0
40,CITY TREASURER,class_900,0,0,0,0,0,0,0,0.0
40,CITY TREASURER,total,2617401,4718290,4725621,5114652,5114652,5114652,5114652,5114652.0
55,CIVIL SERVICE COMMISSION,class_100,141474,180988,180988,183057,183057,183057,183057,183057.0
55,CIVIL SERVICE COMMISSION,class_200,29500,29500,29500,29500,29500,29500,29500,29500.0
55,CIVIL SERVICE COMMISSION,class_300_400,0,1094,1094,1094,1094,1094,1094,1094.0
55,CIVIL SERVICE COMMISSION,class_500,0,0,0,0,0,0,0,0.0
55,CIVIL SERVICE COMMISSION,class_700,0,0,0,0,0,0,0,0.0
55,CIVIL SERVICE COMMISSION,class_800,0,0,0,0,0,0,0,0.0
55,CIVIL SERVICE COMMISSION,class_900,0,0,0,0,0,0,0,0.0
55,CIVIL SERVICE COMMISSION,total,170974,211582,211582,213651,213651,213651,213651,213651.0
55L,CIVIL SERVICE COMMISSION - PROVISIONS FOR FUTURE LABOR AGREEMENTS,class_100,0,0,0,0,0,0,0,0.0
55L,CIVIL SERVICE COMMISSION - PROVISIONS FOR FUTURE LABOR AGREEMENTS,class_200,0,0,0,0,0,0,0,0.0
55L,CIVIL SERVICE COMMISSION - PROVISIONS FOR FUTURE LABOR AGREEMENTS,class_300_400,0,0,0,0,0,0,0,0.0
55L,CIVIL SERVICE COMMISSION - PROVISIONS FOR FUTURE LABOR AGREEMENTS,class_500,0,0,0,0,0,0,0,0.0
55L,CIVIL SERVICE COMMISSION - PROVISIONS FOR FUTURE LABOR AGREEMENTS,class_700,0,0,0,0,0,0,0,0.0
55L,CIVIL SERVICE COMMISSION - PROVISIONS FOR FUTURE LABOR AGREEMENTS,class_800,0,0,0,0,0,0,0,0.0
55L,CIVIL SERVICE COMMISSION - PROVISIONS FOR FUTURE LABOR AGREEMENTS,class_900,0,54000000,0,13360000,55360000,84360000,121360000,120360000.0
55L,CIVIL SERVICE COMMISSION - PROVISIONS FOR FUTURE LABOR AGREEMENTS,total,0,54000000,0,13360000,55360000,84360000,121360000,120360000.0
42,COMMERCE,class_100,2601371,5380613,5336080,5767611,5767611,5767611,5767611,5695211.0
42,COMMERCE,class_200,10038704,9560549,9660549,12246293,6999457,6999457,6999457,6999457.0
42,COMMERCE,class_300_400,20006,62654,62654,26654,26654,26654,26654,26654.0
42,COMMERCE,class_500,500000,505000,505000,505000,505000,505000,505000,505000.0
42,COMMERCE,class_700,0,0,0,0,0,0,0,0.0
42,COMMERCE,class_800,0,0,0,0,0,0,0,0.0
42,COMMERCE,class_900,0,0,0,0,0,0,0,0.0
42,COMMERCE,total,13160081,15508816,15564283,18545558,13298722,13298722,13298722,13226322.0
42CC,COMMERCE - CONVENTION CENTER SUBSIDY,class_100,0,0,0,0,0,0,0,0.0
42CC,COMMERCE - CONVENTION CENTER SUBSIDY,class_200,15000000,15000000,15000000,15000000,15000000,15000000,15000000,15000000.0
42CC,COMMERCE - CONVENTION CENTER SUBSIDY,class_300_400,0,0,0,0,0,0,0,0.0
42CC,COMMERCE - CONVENTION CENTER SUBSIDY,class_500,0,0,0,0,0,0,0,0.0
42CC,COMMERCE - CONVENTION CENTER SUBSIDY,class_700,0,0,0,0,0,0,0,0.0
42CC,COMMERCE - CONVENTION CENTER SUBSIDY,class_800,0,0,0,0,0,0,0,0.0
42CC,COMMERCE - CONVENTION CENTER SUBSIDY,class_900,0,0,0,0,0,0,0,0.0
42CC,COMMERCE - CONVENTION CENTER SUBSIDY,total,15000000,15000000,15000000,15000000,15000000,15000000,15000000,15000000.0
42ES,COMMERCE - ECONOMIC STIMULUS,class_100,0,0,0,0,0,0,0,0.0
42ES,COMMERCE - ECONOMIC STIMULUS,class_200,5834550,13334550,15334550,16334550,16334550,16334550,16334550,16334550.0
42ES,COMMERCE - ECONOMIC STIMULUS,class_300_400,0,0,0,0,0,0,0,0.0
42ES,COMMERCE - ECONOMIC STIMULUS,class_500,0,0,0,0,0,0,0,0.0
42ES,COMMERCE - ECONOMIC STIMULUS,class_700,0,0,0,0,0,0,0,0.0
42ES,COMMERCE - ECONOMIC STIMULUS,class_800,0,0,0,0,0,0,0,0.0
42ES,COMMERCE - ECONOMIC STIMULUS,class_900,0,0,0,0,0,0,0,0.0
42ES,COMMERCE - ECONOMIC STIMULUS,total,5834550,13334550,15334550,16334550,16334550,16334550,16334550,16334550.0
69,DISTRICT ATTORNEY,class_100,39764411,40467055,43830991,46912929,46848329,46848329,46848329,46848329.0
69,DISTRICT ATTORNEY,class_200,3135890,3343738,3803738,3373866,3373866,3373866,3373866,3373866.0
69,DISTRICT ATTORNEY,class_300_400,509537,533417,633417,832275,832275,832275,832275,832275.0
69,DISTRICT ATTORNEY,class_500,322500,0,0,0,0,0,0,0.0
69,DISTRICT ATTORNEY,class_700,0,0,0,0,0,0,0,0.0
69,DISTRICT ATTORNEY,class_800,0,0,0,0,0,0,0,0.0
69,DISTRICT ATTORNEY,class_900,0,0,0,0,0,0,0,0.0
69,DISTRICT ATTORNEY,total,43732338,44344210,48268146,51119070,51054470,51054470,51054470,51054470.0
35,FINANCE,class_100,9986109,10863735,10901967,11795202,11907986,11914775,11921639,11924917.0
35,FINANCE,class_200,3002622,4002420,6672420,5000698,5530912,6370029,6917564,7563656.0
35,FINANCE,class_300_400,33162,38616,38616,47024,47024,47024,47024,47024.0
35,FINANCE,class_500,15716912,7820000,41205000,25758000,3558000,3258000,3258000,3258000.0
35,FINANCE,class_700,0,0,0,0,0,0,0,0.0
35,FINANCE,class_800,11207452,5000000,136000000,10000000,7500000,7500000,7500000,7500000.0
35,FINANCE,class_900,0,0,0,0,0,0,0,0.0
35,FINANCE,total,39946257,27724771,194818003,52600924,28543922,29089828,29644227,30293597.0
35RR,FINANCE-RECESSION AND INFLATION RESERVE AND REOPENING,class_100,0,0,0,0,0,0,0,0.0
35RR,FINANCE-RECESSION AND INFLATION RESERVE AND REOPENING,class_200,0,0,3000000,0,0,0,0,0.0
35RR,FINANCE-RECESSION AND INFLATION RESERVE AND REOPENING,class_300_400,0,0,4000000,0,0,0,0,0.0
35RR,FINANCE-RECESSION AND INFLATION RESERVE AND REOPENING,class_500,0,0,0,0,0,0,0,0.0
35RR,FINANCE-RECESSION AND INFLATION RESERVE AND REOPENING,class_700,0,0,0,0,0,0,0,0.0
35RR,FINANCE-RECESSION AND INFLATION RESERVE AND REOPENING,class_800,0,0,0,0,0,0,0,0.0
35RR,FINANCE-RECESSION AND INFLATION RESERVE AND REOPENING,class_900,0,32000000,0,54000000,30000000,20000000,20000000,20000000.0
35RR,FINANCE-RECESSION AND INFLATION RESERVE AND REOPENING,total,0,32000000,7000000,54000000,30000000,20000000,20000000,20000000.0
35REG,FINANCE-DISABILITY-REG #32 PAYROLL,class_100,2497028,2800000,2800000,5200000,5200000,5200000,5200000,5200000.0
35REG,FINANCE-DISABILITY-REG #32 PAYROLL,class_200,0,0,0,0,0,0,0,0.0
35REG,FINANCE-DISABILITY-REG #32 PAYROLL,class_300_400,0,0,0,0,0,0,0,0.0
35REG,FINANCE-DISABILITY-REG #32 PAYROLL,class_500,0,0,0,0,0,0,0,0.0
35REG,FINANCE-DISABILITY-REG #32 PAYROLL,class_700,0,0,0,0,0,0,0,0.0
35REG,FINANCE-DISABILITY-REG #32 PAYROLL,class_800,0,0,0,0,0,0,0,0.0
35REG,FINANCE-DISABILITY-REG #32 PAYROLL,class_900,0,0,0,0,0,0,0,0.0
35REG,FINANCE-DISABILITY-REG #32 PAYROLL,total,2497028,2800000,2800000,5200000,5200000,5200000,5200000,5200000.0
35CC,FINANCE - COMMUNITY COLLEGE SUBSIDY,class_100,0,0,0,0,0,0,0,0.0
35CC,FINANCE - COMMUNITY COLLEGE SUBSIDY,class_200,0,0,0,0,0,0,0,0.0
35CC,FINANCE - COMMUNITY COLLEGE SUBSIDY,class_300_400,0,0,0,0,0,0,0,0.0
35CC,FINANCE - COMMUNITY COLLEGE SUBSIDY,class_500,48128075,50106653,65196653,51003181,51003181,51003181,51003181,51003181.0
35CC,FINANCE - COMMUNITY COLLEGE SUBSIDY,class_700,0,0,0,0,0,0,0,0.0
35CC,FINANCE - COMMUNITY COLLEGE SUBSIDY,class_800,0,0,0,0,0,0,0,0.0
35CC,FINANCE - COMMUNITY COLLEGE SUBSIDY,class_900,0,0,0,0,0,0,0,0.0
35CC,FINANCE - COMMUNITY COLLEGE SUBSIDY,total,48128075,50106653,65196653,51003181,51003181,51003181,51003181,51003181.0
35BS,FINANCE - BUDGET STABILIZATION RESERVE,class_100,0,0,0,0,0,0,0,0.0
35BS,FINANCE - BUDGET STABILIZATION RESERVE,class_200,0,0,0,0,0,0,0,0.0
35BS,FINANCE - BUDGET STABILIZATION RESERVE,class_300_400,0,0,0,0,0,0,0,0.0
35BS,FINANCE - BUDGET STABILIZATION RESERVE,class_500,0,0,0,0,0,0,0,0.0
35BS,FINANCE - BUDGET STABILIZATION RESERVE,class_700,0,0,0,0,0,0,0,0.0
35BS,FINANCE - BUDGET STABILIZATION RESERVE,class_800,0,40128000,65128000,42261000,138037000,41867000,0,0.0
35BS,FINANCE - BUDGET STABILIZATION RESERVE,class_900,0,0,0,0,0,0,0,0.0
35BS,FINANCE - BUDGET STABILIZATION RESERVE,total,0,40128000,65128000,42261000,138037000,41867000,0,0.0
35EB,FINANCE - EMPLOYEE BENEFITS,class_100,1690045986,1603509081,1605888041,1660996026,1726135960,1789928558,1841836004,1898351664.0
35EB,FINANCE - EMPLOYEE BENEFITS,class_200,0,0,0,0,0,0,0,0.0
35EB,FINANCE - EMPLOYEE BENEFITS,class_300_400,0,0,0,0,0,0,0,0.0
35EB,FINANCE - EMPLOYEE BENEFITS,class_500,0,0,0,0,0,0,0,0.0
35EB,FINANCE - EMPLOYEE BENEFITS,class_700,0,0,0,0,0,0,0,0.0
35EB,FINANCE - EMPLOYEE BENEFITS,class_800,0,0,0,0,0,0,0,0.0
35EB,FINANCE - EMPLOYEE BENEFITS,class_900,0,0,0,0,0,0,0,0.0
35EB,FINANCE - EMPLOYEE BENEFITS,total,1690045986,1603509081,1605888041,1660996026,1726135960,1789928558,1841836004,1898351664.0
35HA,FINANCE - HERO AWARDS,class_100,0,0,0,0,0,0,0,0.0
35HA,FINANCE - HERO AWARDS,class_200,0,0,0,0,0,0,0,0.0
35HA,FINANCE - HERO AWARDS,class_300_400,0,0,0,0,0,0,0,0.0
35HA,FINANCE - HERO AWARDS,class_500,54000,50000,50000,50000,50000,50000,50000,50000.0
35HA,FINANCE - HERO AWARDS,class_700,0,0,0,0,0,0,0,0.0
35HA,FINANCE - HERO AWARDS,class_800,0,0,0,0,0,0,0,0.0
35HA,FINANCE - HERO AWARDS,class_900,0,0,0,0,0,0,0,0.0
35HA,FINANCE - HERO AWARDS,total,54000,50000,50000,50000,50000,50000,50000,50000.0
35HTF,FINANCE - PAYMENT TO THE HOUSING TRUST FUND,class_100,0,0,0,0,0,0,0,0.0
35HTF,FINANCE - PAYMENT TO THE HOUSING TRUST FUND,class_200,0,0,0,0,0,0,0,0.0
35HTF,FINANCE - PAYMENT TO THE HOUSING TRUST FUND,class_300_400,0,0,0,0,0,0,0,0.0
35HTF,FINANCE - PAYMENT TO THE HOUSING TRUST FUND,class_500,0,0,0,0,0,0,0,0.0
35HTF,FINANCE - PAYMENT TO THE HOUSING TRUST FUND,class_700,0,0,0,0,0,0,0,0.0
35HTF,FINANCE - PAYMENT TO THE HOUSING TRUST FUND,class_800,0,29066068,29066068,30612698,30541546,30820084,31417009,31875538.0
35HTF,FINANCE - PAYMENT TO THE HOUSING TRUST FUND,class_900,0,0,0,0,0,0,0,0.0
35HTF,FINANCE - PAYMENT TO THE HOUSING TRUST FUND,total,0,29066068,29066068,30612698,30541546,30820084,31417009,31875538.0
35IN,FINANCE - INDEMNITIES,class_100,0,0,0,0,0,0,0,0.0
35IN,FINANCE - INDEMNITIES,class_200,0,0,0,0,0,0,0,0.0
35IN,FINANCE - INDEMNITIES,class_300_400,0,0,0,0,0,0,0,0.0
35IN,FINANCE - INDEMNITIES,class_500,2603995,67246000,71496000,49246000,49246000,49246000,49246000,49246000.0
35IN,FINANCE - INDEMNITIES,class_700,0,0,0,0,0,0,0,0.0
35IN,FINANCE - INDEMNITIES,class_800,0,0,0,0,0,0,0,0.0
35IN,FINANCE - INDEMNITIES,class_900,0,0,0,0,0,0,0,0.0
35IN,FINANCE - INDEMNITIES,total,2603995,67246000,71496000,49246000,49246000,49246000,49246000,49246000.0
35R,FINANCE - REFUNDS,class_100,0,0,0,0,0,0,0,0.0
35R,FINANCE - REFUNDS,class_200,0,0,0,0,0,0,0,0.0
35R,FINANCE - REFUNDS,class_300_400,0,0,0,0,0,0,0,0.0
35R,FINANCE - REFUNDS,class_500,51581,250000,250000,250000,250000,250000,250000,250000.0
35R,FINANCE - REFUNDS,class_700,0,0,0,0,0,0,0,0.0
35R,FINANCE - REFUNDS,class_800,0,0,0,0,0,0,0,0.0
35R,FINANCE - REFUNDS,class_900,0,0,0,0,0,0,0,0.0
35R,FINANCE - REFUNDS,total,51581,250000,250000,250000,250000,250000,250000,250000.0
35SD,FINANCE - SCHOOL DISTRICT CONTRIBUTION,class_100,0,0,0,0,0,0,0,0.0
35SD,FINANCE - SCHOOL DISTRICT CONTRIBUTION,class_200,0,0,0,0,0,0,0,0.0
35SD,FINANCE - SCHOOL DISTRICT CONTRIBUTION,class_300_400,0,0,0,0,0,0,0,0.0
35SD,FINANCE - SCHOOL DISTRICT CONTRIBUTION,class_500,255953201,269953201,269953201,282052590,288191821,288191821,288191821,288191821.0
35SD,FINANCE - SCHOOL DISTRICT CONTRIBUTION,class_700,0,0,0,0,0,0,0,0.0
35SD,FINANCE - SCHOOL DISTRICT CONTRIBUTION,class_800,0,0,0,0,0,0,0,0.0
35SD,FINANCE - SCHOOL DISTRICT CONTRIBUTION,class_900,0,0,0,0,0,0,0,0.0
35SD,FINANCE - SCHOOL DISTRICT CONTRIBUTION,total,255953201,269953201,269953201,282052590,288191821,288191821,288191821,288191821.0
35WF,FINANCE - WITNESS FEES,class_100,0,0,0,0,0,0,0,0.0
35WF,FINANCE - WITNESS FEES,class_200,132374,171518,171518,180094,180094,180094,180094,180094.0
35WF,FINANCE - WITNESS FEES,class_300_400,0,0,0,0,0,0,0,0.0
35WF,FINANCE - WITNESS FEES,class_500,0,0,0,0,0,0,0,0.0
35WF,FINANCE - WITNESS FEES,class_700,0,0,0,0,0,0,0,0.0
35WF,FINANCE - WITNESS FEES,class_800,0,0,0,0,0,0,0,0.0
35WF,FINANCE - WITNESS FEES,class_900,0,0,0,0,0,0,0,0.0
35WF,FINANCE - WITNESS FEES,total,132374,171518,171518,180094,180094,180094,180094,180094.0
13,FIRE,class_100,341171247,354321176,355085385,365611225,365726856,365726856,365726856,365726856.0
13,FIRE,class_200,7057544,7068282,8893282,13854729,11097352,11097352,11097352,11097352.0
13,FIRE,class_300_400,14292119,12445064,24496064,14142530,13424691,13500089,13500089,13500089.0
13,FIRE,class_500,1010336,0,0,0,0,0,0,0.0
13,FIRE,class_700,0,0,0,0,0,0,0,0.0
13,FIRE,class_800,6533000,7055640,7055640,7186300,7904930,8142078,8142078,8386340.0
13,FIRE,class_900,0,0,0,0,0,0,0,0.0
13,FIRE,total,370064246,380890162,395530371,400794784,398153829,398466375,398466375,398710637.0
84,FIRST JUDICIAL DISTRICT,class_100,101924504,111144985,112841137,116833778,116833778,116833778,116833778,116833778.0
84,FIRST JUDICIAL DISTRICT,class_200,13403422,8643039,8643039,9875191,9075191,9075191,9075191,9075191.0
84,FIRST JUDICIAL DISTRICT,class_300_400,2231868,2231868,2231868,2343461,2343461,2343461,2343461,2343461.0
84,FIRST JUDICIAL DISTRICT,class_500,42333,0,0,0,0,0,0,0.0
84,FIRST JUDICIAL DISTRICT,class_700,0,0,0,0,0,0,0,0.0
84,FIRST JUDICIAL DISTRICT,class_800,0,0,0,0,0,0,0,0.0
84,FIRST JUDICIAL DISTRICT,class_900,0,0,0,0,0,0,0,0.0
84,FIRST JUDICIAL DISTRICT,total,117602127,122019892,123716044,129052430,128252430,128252430,128252430,128252430.0
25,FLEET SERVICES,class_100,18075554,20534432,19540916,21146675,21146675,21146675,21146675,21146675.0
25,FLEET SERVICES,class_200,5460023,5449396,6449396,6430287,6430287,6430287,6430287,6430287.0
25,FLEET SERVICES,class_300_400,24365792,32257642,23257642,27676744,24735853,24735853,24735853,24735853.0
25,FLEET SERVICES,class_500,75000,0,0,0,0,0,0,0.0
25,FLEET SERVICES,class_700,0,0,0,0,0,0,0,0.0
25,FLEET SERVICES,class_800,0,0,0,0,0,0,0,0.0
25,FLEET SERVICES,class_900,0,0,0,0,0,0,0,0.0
25,FLEET SERVICES,total,47976369,58241470,49247954,55253706,52312815,52312815,52312815,52312815.0
25V,FLEET SERVICES - VEHICLE LEASE/PURCHASE,class_100,0,0,0,0,0,0,0,0.0
25V,FLEET SERVICES - VEHICLE LEASE/PURCHASE,class_200,0,0,0,0,0,0,0,0.0
25V,FLEET SERVICES - VEHICLE LEASE/PURCHASE,class_300_400,9745852,12507852,29507852,15359245,15359245,15359245,15359245,15359245.0
25V,FLEET SERVICES - VEHICLE LEASE/PURCHASE,class_500,0,0,0,0,0,0,0,0.0
25V,FLEET SERVICES - VEHICLE LEASE/PURCHASE,class_700,0,0,0,0,0,0,0,0.0
25V,FLEET SERVICES - VEHICLE LEASE/PURCHASE,class_800,0,0,0,0,0,0,0,0.0
25V,FLEET SERVICES - VEHICLE LEASE/PURCHASE,class_900,0,0,0,0,0,0,0,0.0
25V,FLEET SERVICES - VEHICLE LEASE/PURCHASE,total,9745852,12507852,29507852,15359245,15359245,15359245,15359245,15359245.0
52,FREE LIBRARY,class_100,37737788,50911555,50503478,59121703,59340820,59450570,59462406,59474870.0
52,FREE LIBRARY,class_200,2004479,3496262,3911262,4299722,3749722,3749722,3749722,3749722.0
52,FREE LIBRARY,class_300_400,1806963,4042128,7477489,7513098,7513098,7513098,7513098,7513098.0
52,FREE LIBRARY,class_500,272500,0,0,0,0,0,0,0.0
52,FREE LIBRARY,class_700,0,0,0,0,0,0,0,0.0
52,FREE LIBRARY,class_800,0,0,0,0,0,0,0,0.0
52,FREE LIBRARY,class_900,0,0,0,0,0,0,0,0.0
52,FREE LIBRARY,total,41821730,58449945,61892229,70934523,70603640,70713390,70725226,70737690.0
54,HUMAN RELATIONS COMMISSION,class_100,2286733,2502372,2504245,2646469,2648744,2651099,2653536,2656058.0
54,HUMAN RELATIONS COMMISSION,class_200,15811,43333,43333,71901,71901,71901,71901,71901.0
54,HUMAN RELATIONS COMMISSION,class_300_400,10058,28031,33031,38031,38031,38031,38031,38031.0
54,HUMAN RELATIONS COMMISSION,class_500,0,0,0,0,0,0,0,0.0
54,HUMAN RELATIONS COMMISSION,class_700,0,0,0,0,0,0,0,0.0
54,HUMAN RELATIONS COMMISSION,class_800,0,0,0,0,0,0,0,0.0
54,HUMAN RELATIONS COMMISSION,class_900,0,0,0,0,0,0,0,0.0
54,HUMAN RELATIONS COMMISSION,total,2312602,2573736,2580609,2756401,2758676,2761031,2763468,2765990.0
22,HUMAN SERVICES,class_100,28716422,34466970,35060204,37396767,37396767,37396767,37396767,37396767.0
22,HUMAN SERVICES,class_200,138755444,152645655,152645655,180510950,181260950,182010950,182010950,182010950.0
22,HUMAN SERVICES,class_300_400,1434214,2111970,2125170,1802170,1802170,1802170,1802170,1802170.0
22,HUMAN SERVICES,class_500,3655629,0,0,0,0,0,0,0.0
22,HUMAN SERVICES,class_700,0,0,0,0,0,0,0,0.0
22,HUMAN SERVICES,class_800,0,0,0,0,0,0,0,0.0
22,HUMAN SERVICES,class_900,0,0,0,0,0,0,0,0.0
22,HUMAN SERVICES,total,172561709,189224595,189831029,219709887,220459887,221209887,221209887,221209887.0
03,LABOR,class_100,2246006,3460299,3472095,4249815,4259256,4254631,4254631,4254631.0
03,LABOR,class_200,443984,519617,729617,497319,497319,497319,497319,497319.0
03,LABOR,class_300_400,10048,24420,24420,21420,21420,21420,21420,21420.0
03,LABOR,class_500,0,0,0,0,0,0,0,0.0
03,LABOR,class_700,0,0,0,0,0,0,0,0.0
03,LABOR,class_800,0,0,0,0,0,0,0,0.0
03,LABOR,class_900,0,0,0,0,0,0,0,0.0
03,LABOR,total,2700038,4004336,4226132,4768554,4777995,4773370,4773370,4773370.0
44,LAW,class_100,13550079,15705718,15824034,16857049,16857049,16857049,16857049,16857049.0
44,LAW,class_200,7791806,5979915,8729915,11813145,9063145,9063145,9063145,9063145.0
44,LAW,class_300_400,82115,190676,190676,184676,184676,184676,184676,184676.0
44,LAW,class_500,0,0,0,0,0,0,0,0.0
44,LAW,class_700,0,0,0,0,0,0,0,0.0
44,LAW,class_800,0,0,0,0,0,0,0,0.0
44,LAW,class_900,0,0,0,0,0,0,0,0.0
44,LAW,total,21424000,21876309,24744625,28854870,26104870,26104870,26104870,26104870.0
26,LICENSES AND INSPECTIONS,class_100,24295338,26670602,26693387,28501910,28501910,28501910,28501910,28501910.0
26,LICENSES AND INSPECTIONS,class_200,12997237,14146162,14146162,14946444,13996444,13996444,13996444,13996444.0
26,LICENSES AND INSPECTIONS,class_300_400,723794,809475,809475,809475,809475,809475,809475,809475.0
26,LICENSES AND INSPECTIONS,class_500,119027,0,0,0,0,0,0,0.0
26,LICENSES AND INSPECTIONS,class_700,0,0,0,0,0,0,0,0.0
26,LICENSES AND INSPECTIONS,class_800,0,0,0,0,0,0,0,0.0
26,LICENSES AND INSPECTIONS,class_900,0,0,0,0,0,0,0,0.0
26,LICENSES AND INSPECTIONS,total,38135396,41626239,41649024,44257829,43307829,43307829,43307829,43307829.0
29,L&I - BOARD OF BUILDING STANDARDS,class_100,76786,84116,84116,86609,86609,86609,86609,86609.0
29,L&I - BOARD OF BUILDING STANDARDS,class_200,0,0,0,0,0,0,0,0.0
29,L&I - BOARD OF BUILDING STANDARDS,class_300_400,0,0,0,0,0,0,0,0.0
29,L&I - BOARD OF BUILDING STANDARDS,class_500,0,0,0,0,0,0,0,0.0
29,L&I - BOARD OF BUILDING STANDARDS,class_700,0,0,0,0,0,0,0,0.0
29,L&I - BOARD OF BUILDING STANDARDS,class_800,0,0,0,0,0,0,0,0.0
29,L&I - BOARD OF BUILDING STANDARDS,class_900,0,0,0,0,0,0,0,0.0
29,L&I - BOARD OF BUILDING STANDARDS,total,76786,84116,84116,86609,86609,86609,86609,86609.0
27,L&I - BOARD OF L&I REVIEW,class_100,134513,170377,170377,172107,172107,172107,172107,172107.0
27,L&I - BOARD OF L&I REVIEW,class_200,10436,10436,10436,10436,10436,10436,10436,10436.0
27,L&I - BOARD OF L&I REVIEW,class_300_400,0,0,0,0,0,0,0,0.0
27,L&I - BOARD OF L&I REVIEW,class_500,0,0,0,0,0,0,0,0.0
27,L&I - BOARD OF L&I REVIEW,class_700,0,0,0,0,0,0,0,0.0
27,L&I - BOARD OF L&I REVIEW,class_800,0,0,0,0,0,0,0,0.0
27,L&I - BOARD OF L&I REVIEW,class_900,0,0,0,0,0,0,0,0.0
27,L&I - BOARD OF L&I REVIEW,total,144949,180813,180813,182543,182543,182543,182543,182543.0
10,MANAGING DIRECTOR,class_100,31286076,35167882,30497601,31961256,30929601,30562692,30065874,30069152.0
10,MANAGING DIRECTOR,class_200,93464375,150597551,132767018,147139729,95484853,66104293,68485234,69019167.0
10,MANAGING DIRECTOR,class_300_400,3515466,2416018,10112746,3804618,3140519,3029187,2738209,2738209.0
10,MANAGING DIRECTOR,class_500,3376000,4300000,6300000,4300000,4300000,4300000,4300000,4300000.0
10,MANAGING DIRECTOR,class_700,0,0,0,0,0,0,0,0.0
10,MANAGING DIRECTOR,class_800,0,0,0,0,0,0,0,0.0
10,MANAGING DIRECTOR,class_900,0,0,0,0,0,0,0,0.0
10,MANAGING DIRECTOR,total,131641917,192481451,179677365,187205603,133854973,103996172,105589317,106126528.0
10D,MANAGING DIRECTOR - DEFENDER'S ASSOCIATION (Div XX)*,class_100,0,0,0,0,0,0,0,0.0
10D,MANAGING DIRECTOR - DEFENDER'S ASSOCIATION (Div XX)*,class_200,0,0,0,61997780,60957780,60957780,60957780,60957780.0
10D,MANAGING DIRECTOR - DEFENDER'S ASSOCIATION (Div XX)*,class_300_400,0,0,0,0,0,0,0,0.0
10D,MANAGING DIRECTOR - DEFENDER'S ASSOCIATION (Div XX)*,class_500,0,0,0,0,0,0,0,0.0
10D,MANAGING DIRECTOR - DEFENDER'S ASSOCIATION (Div XX)*,class_700,0,0,0,0,0,0,0,0.0
10D,MANAGING DIRECTOR - DEFENDER'S ASSOCIATION (Div XX)*,class_800,0,0,0,0,0,0,0,0.0
10D,MANAGING DIRECTOR - DEFENDER'S ASSOCIATION (Div XX)*,class_900,0,0,0,0,0,0,0,0.0
10D,MANAGING DIRECTOR - DEFENDER'S ASSOCIATION (Div XX)*,total,0,0,0,61997780,60957780,60957780,60957780,60957780.0
10CP,MANAGING DIRECTOR - CITIZENS POLICE OVERSIGHT COMMISSION (Div 34),class_100,672238,1085500,1445384,2203640,2203640,2203640,2203640,2203640.0
10CP,MANAGING DIRECTOR - CITIZENS POLICE OVERSIGHT COMMISSION (Div 34),class_200,152473,1315070,979902,808002,808002,808002,808002,808002.0
10CP,MANAGING DIRECTOR - CITIZENS POLICE OVERSIGHT COMMISSION (Div 34),class_300_400,905,2000,40000,12000,12000,12000,12000,12000.0
10CP,MANAGING DIRECTOR - CITIZENS POLICE OVERSIGHT COMMISSION (Div 34),class_500,0,0,0,0,0,0,0,0.0
10CP,MANAGING DIRECTOR - CITIZENS POLICE OVERSIGHT COMMISSION (Div 34),class_700,0,0,0,0,0,0,0,0.0
10CP,MANAGING DIRECTOR - CITIZENS POLICE OVERSIGHT COMMISSION (Div 34),class_800,0,0,0,0,0,0,0,0.0
10CP,MANAGING DIRECTOR - CITIZENS POLICE OVERSIGHT COMMISSION (Div 34),class_900,0,0,0,0,0,0,0,0.0
10CP,MANAGING DIRECTOR - CITIZENS POLICE OVERSIGHT COMMISSION (Div 34),total,825616,2402570,2465286,3023642,3023642,3023642,3023642,3023642.0
05,MAYOR,class_100,5673722,6301957,6344603,5288872,5288872,5288872,5288872,5288872.0
05,MAYOR,class_200,647185,815680,880680,727680,727680,727680,727680,727680.0
05,MAYOR,class_300_400,12359,31341,31341,51192,51192,51192,51192,51192.0
05,MAYOR,class_500,0,0,0,0,0,0,0,0.0
05,MAYOR,class_700,0,0,0,0,0,0,0,0.0
05,MAYOR,class_800,0,0,0,0,0,0,0,0.0
05,MAYOR,class_900,0,0,0,0,0,0,0,0.0
05,MAYOR,total,6333266,7148978,7256624,6067744,6067744,6067744,6067744,6067744.0
05S,MAYOR - SCHOLARSHIPS,class_100,0,0,0,0,0,0,0,0.0
05S,MAYOR - SCHOLARSHIPS,class_200,0,0,0,0,0,0,0,0.0
05S,MAYOR - SCHOLARSHIPS,class_300_400,0,0,0,0,0,0,0,0.0
05S,MAYOR - SCHOLARSHIPS,class_500,200000,100000,100000,100000,0,0,0,0.0
05S,MAYOR - SCHOLARSHIPS,class_700,0,0,0,0,0,0,0,0.0
05S,MAYOR - SCHOLARSHIPS,class_800,0,0,0,0,0,0,0,0.0
05S,MAYOR - SCHOLARSHIPS,class_900,0,0,0,0,0,0,0,0.0
05S,MAYOR - SCHOLARSHIPS,total,200000,100000,100000,100000,0,0,0,0.0
50,MURAL ARTS PROGRAM,class_100,404320,610850,615432,629179,629179,629179,629179,629179.0
50,MURAL ARTS PROGRAM,class_200,2065610,2670610,2670610,3054141,2054141,2054141,2054141,2054141.0
50,MURAL ARTS PROGRAM,class_300_400,0,0,0,0,0,0,0,0.0
50,MURAL ARTS PROGRAM,class_500,0,0,0,0,0,0,0,0.0
50,MURAL ARTS PROGRAM,class_700,0,0,0,0,0,0,0,0.0
50,MURAL ARTS PROGRAM,class_800,0,0,0,0,0,0,0,0.0
50,MURAL ARTS PROGRAM,class_900,0,0,0,0,0,0,0,0.0
50,MURAL ARTS PROGRAM,total,2469930,3281460,3286042,3683320,2683320,2683320,2683320,2683320.0
58,OFFICE OF ARTS AND CULTURE AND THE CREATIVE ECONOMY,class_100,0,0,0,0,0,0,0,0.0
58,OFFICE OF ARTS AND CULTURE AND THE CREATIVE ECONOMY,class_200,0,0,0,0,0,0,0,0.0
58,OFFICE OF ARTS AND CULTURE AND THE CREATIVE ECONOMY,class_300_400,0,0,0,0,0,0,0,0.0
58,OFFICE OF ARTS AND CULTURE AND THE CREATIVE ECONOMY,class_500,0,0,0,0,0,0,0,0.0
58,OFFICE OF ARTS AND CULTURE AND THE CREATIVE ECONOMY,class_700,0,0,0,0,0,0,0,0.0
58,OFFICE OF ARTS AND CULTURE AND THE CREATIVE ECONOMY,class_800,0,0,0,0,0,0,0,0.0
58,OFFICE OF ARTS AND CULTURE AND THE CREATIVE ECONOMY,class_900,0,0,0,0,0,0,0,0.0
58,OFFICE OF ARTS AND CULTURE AND THE CREATIVE ECONOMY,total,0,0,0,0,0,0,0,0.0
15,OFFICE OF BEHAVIORAL HEALTH AND INTELLECTUAL DISABILITY,class_100,1818626,3590639,3549625,3661271,3661271,3661271,3661271,3661271.0
15,OFFICE OF BEHAVIORAL HEALTH AND INTELLECTUAL DISABILITY,class_200,20480261,23723599,24823599,25259177,25233432,25195405,25195405,25195405.0
15,OFFICE OF BEHAVIORAL HEALTH AND INTELLECTUAL DISABILITY,class_300_400,26148,0,48000,104000,104000,104000,104000,104000.0
15,OFFICE OF BEHAVIORAL HEALTH AND INTELLECTUAL DISABILITY,class_500,0,0,0,0,0,0,0,0.0
15,OFFICE OF BEHAVIORAL HEALTH AND INTELLECTUAL DISABILITY,class_700,0,0,0,0,0,0,0,0.0
15,OFFICE OF BEHAVIORAL HEALTH AND INTELLECTUAL DISABILITY,class_800,0,0,0,0,0,0,0,0.0
15,OFFICE OF BEHAVIORAL HEALTH AND INTELLECTUAL DISABILITY,class_900,0,0,0,0,0,0,0,0.0
15,OFFICE OF BEHAVIORAL HEALTH AND INTELLECTUAL DISABILITY,total,22325035,27314238,28421224,29024448,28998703,28960676,28960676,28960676.0
65,OFFICE OF THE CHIEF ADMINISTRATIVE OFFICER,class_100,4457677,6368435,6093055,5749903,5628903,5538903,5538903,5538903.0
65,OFFICE OF THE CHIEF ADMINISTRATIVE OFFICER,class_200,2351889,6427056,7036763,12306088,11052698,2052698,2052698,2052698.0
65,OFFICE OF THE CHIEF ADMINISTRATIVE OFFICER,class_300_400,352885,2082265,897442,364968,34533,34533,34533,34533.0
65,OFFICE OF THE CHIEF ADMINISTRATIVE OFFICER,class_500,0,0,0,0,0,0,0,0.0
65,OFFICE OF THE CHIEF ADMINISTRATIVE OFFICER,class_700,0,0,0,0,0,0,0,0.0
65,OFFICE OF THE CHIEF ADMINISTRATIVE OFFICER,class_800,0,0,0,0,0,0,0,0.0
65,OFFICE OF THE CHIEF ADMINISTRATIVE OFFICER,class_900,0,0,0,0,0,0,0,0.0
65,OFFICE OF THE CHIEF ADMINISTRATIVE OFFICER,total,7162451,14877756,14027260,18420959,16716134,7626134,7626134,7626134.0
08,OFFICE OF COMMUNITY EMPOWERMENT & OPPORTUNITY,class_100,44997,177185,177185,1547054,1547054,1547054,1547054,1547054.0
08,OFFICE OF COMMUNITY EMPOWERMENT & OPPORTUNITY,class_200,1463999,1714007,1714007,1886857,1886857,1886857,1886857,1886857.0
08,OFFICE OF COMMUNITY EMPOWERMENT & OPPORTUNITY,class_300_400,0,3808,3808,15998,15998,15998,15998,15998.0
08,OFFICE OF COMMUNITY EMPOWERMENT & OPPORTUNITY,class_500,382,0,0,0,0,0,0,0.0
08,OFFICE OF COMMUNITY EMPOWERMENT & OPPORTUNITY,class_700,0,0,0,0,0,0,0,0.0
08,OFFICE OF COMMUNITY EMPOWERMENT & OPPORTUNITY,class_800,0,0,0,0,0,0,0,0.0
08,OFFICE OF COMMUNITY EMPOWERMENT & OPPORTUNITY,class_900,0,0,0,0,0,0,0,0.0
08,OFFICE OF COMMUNITY EMPOWERMENT & OPPORTUNITY,total,1509378,1895000,1895000,3449909,3449909,3449909,3449909,3449909.0
66,OFFICE OF CHILDREN AND FAMILIES (formerly known as OFFICE OF EDUCATION),class_100,377938,463413,467834,481098,481098,481098,481098,481098.0
66,OFFICE OF CHILDREN AND FAMILIES (formerly known as OFFICE OF EDUCATION),class_200,0,0,0,0,0,0,0,0.0
66,OFFICE OF CHILDREN AND FAMILIES (formerly known as OFFICE OF EDUCATION),class_300_400,0,0,0,0,0,0,0,0.0
66,OFFICE OF CHILDREN AND FAMILIES (formerly known as OFFICE OF EDUCATION),class_500,0,0,0,0,0,0,0,0.0
66,OFFICE OF CHILDREN AND FAMILIES (formerly known as OFFICE OF EDUCATION),class_700,0,0,0,0,0,0,0,0.0
66,OFFICE OF CHILDREN AND FAMILIES (formerly known as OFFICE OF EDUCATION),class_800,0,0,0,0,0,0,0,0.0
66,OFFICE OF CHILDREN AND FAMILIES (formerly known as OFFICE OF EDUCATION),class_900,0,0,0,0,0,0,0,0.0
66,OFFICE OF CHILDREN AND FAMILIES (formerly known as OFFICE OF EDUCATION),total,377938,463413,467834,481098,481098,481098,481098,481098.0
24,OFFICE OF HOMELESS SERVICES,class_100,9151392,9931274,9946614,10635985,10635985,10223985,10223985,10223985.0
24,OFFICE OF HOMELESS SERVICES,class_200,45807172,58638836,60113570,69544170,60201846,58846005,58879130,58913248.0
24,OFFICE OF HOMELESS SERVICES,class_300_400,317222,344127,344127,344127,344127,344127,344127,344127.0
24,OFFICE OF HOMELESS SERVICES,class_500,5175,32421,32421,32421,32421,32421,32421,32421.0
24,OFFICE OF HOMELESS SERVICES,class_700,0,0,0,0,0,0,0,0.0
24,OFFICE OF HOMELESS SERVICES,class_800,0,0,0,0,0,0,0,0.0
24,OFFICE OF HOMELESS SERVICES,class_900,0,0,0,0,0,0,0,0.0
24,OFFICE OF HOMELESS SERVICES,total,55280961,68946658,70436732,80556703,71214379,69446538,69479663,69513781.0
56,OFFICE OF HUMAN RESOURCES,class_100,5230335,6042760,6283261,6509982,6530282,6557982,6570982,6574982.0
56,OFFICE OF HUMAN RESOURCES,class_200,863161,1306067,2566067,6127871,2262871,2592871,2262871,2262871.0
56,OFFICE OF HUMAN RESOURCES,class_300_400,38118,69432,69432,72903,72903,72903,72903,72903.0
56,OFFICE OF HUMAN RESOURCES,class_500,0,0,0,0,0,0,0,0.0
56,OFFICE OF HUMAN RESOURCES,class_700,0,0,0,0,0,0,0,0.0
56,OFFICE OF HUMAN RESOURCES,class_800,0,0,0,0,0,0,0,0.0
56,OFFICE OF HUMAN RESOURCES,class_900,0,0,0,0,0,0,0,0.0
56,OFFICE OF HUMAN RESOURCES,total,6131614,7418259,8918760,12710756,8866056,9223756,8906756,8910756.0
04,OFFICE OF INNOVATION AND TECHNOLOGY (Base),class_100,24553231,31377472,30625413,31866139,32055120,32055120,32055120,32055120.0
04,OFFICE OF INNOVATION AND TECHNOLOGY (Base),class_200,45103824,57268720,58323720,60080243,61363678,61841319,62395232,63065518.0
04,OFFICE OF INNOVATION AND TECHNOLOGY (Base),class_300_400,12896955,2986610,3581610,4469423,9779123,9788528,9825534,9875380.0
04,OFFICE OF INNOVATION AND TECHNOLOGY (Base),class_500,12416,0,0,0,0,0,0,0.0
04,OFFICE OF INNOVATION AND TECHNOLOGY (Base),class_700,0,0,0,0,0,0,0,0.0
04,OFFICE OF INNOVATION AND TECHNOLOGY (Base),class_800,0,0,0,0,0,0,0,0.0
04,OFFICE OF INNOVATION AND TECHNOLOGY (Base),class_900,0,0,0,0,0,0,0,0.0
04,OFFICE OF INNOVATION AND TECHNOLOGY (Base),total,82566426,91632802,92530743,96415805,103197921,103684967,104275886,104996018.0
04-911,OFFICE OF INNOVATION AND TECHNOLOGY - 911  (Div 14),class_100,1186642,1416547,1416547,1608732,1608732,1608732,1608732,1608732.0
04-911,OFFICE OF INNOVATION AND TECHNOLOGY - 911  (Div 14),class_200,13211938,20150466,20150466,22182390,18046883,17446883,16637321,16637321.0
04-911,OFFICE OF INNOVATION AND TECHNOLOGY - 911  (Div 14),class_300_400,2593483,8064399,8064399,8064399,8064399,8064399,8064399,8064399.0
04-911,OFFICE OF INNOVATION AND TECHNOLOGY - 911  (Div 14),class_500,0,0,0,0,0,0,0,0.0
04-911,OFFICE OF INNOVATION AND TECHNOLOGY - 911  (Div 14),class_700,0,0,0,0,0,0,0,0.0
04-911,OFFICE OF INNOVATION AND TECHNOLOGY - 911  (Div 14),class_800,0,0,0,0,0,0,0,0.0
04-911,OFFICE OF INNOVATION AND TECHNOLOGY - 911  (Div 14),class_900,0,0,0,0,0,0,0,0.0
04-911,OFFICE OF INNOVATION AND TECHNOLOGY - 911  (Div 14),total,16992063,29631412,29631412,31855521,27720014,27120014,26310452,26310452.0
48,OFFICE OF THE INSPECTOR GENERAL,class_100,1414649,2192863,2204194,2238188,2238188,2238188,2238188,2238188.0
48,OFFICE OF THE INSPECTOR GENERAL,class_200,96909,97975,97975,99695,99695,99695,99695,99695.0
48,OFFICE OF THE INSPECTOR GENERAL,class_300_400,3498,5225,5225,8665,8665,8665,8665,8665.0
48,OFFICE OF THE INSPECTOR GENERAL,class_500,0,0,0,0,0,0,0,0.0
48,OFFICE OF THE INSPECTOR GENERAL,class_700,0,0,0,0,0,0,0,0.0
48,OFFICE OF THE INSPECTOR GENERAL,class_800,0,0,0,0,0,0,0,0.0
48,OFFICE OF THE INSPECTOR GENERAL,class_900,0,0,0,0,0,0,0,0.0
48,OFFICE OF THE INSPECTOR GENERAL,total,1515056,2296063,2307394,2346548,2346548,2346548,2346548,2346548.0
59,OFFICE OF PROPERTY ASSESSMENT,class_100,13638652,15569756,15578357,16021562,16021562,16021562,16021562,16021562.0
59,OFFICE OF PROPERTY ASSESSMENT,class_200,1238456,1926020,1926020,1926020,1926020,1926020,1926020,1926020.0
59,OFFICE OF PROPERTY ASSESSMENT,class_300_400,75938,362600,362600,362600,362600,362600,362600,362600.0
59,OFFICE OF PROPERTY ASSESSMENT,class_500,0,0,0,0,0,0,0,0.0
59,OFFICE OF PROPERTY ASSESSMENT,class_700,0,0,0,0,0,0,0,0.0
59,OFFICE OF PROPERTY ASSESSMENT,class_800,0,0,0,0,0,0,0,0.0
59,OFFICE OF PROPERTY ASSESSMENT,class_900,0,0,0,0,0,0,0,0.0
59,OFFICE OF PROPERTY ASSESSMENT,total,14953046,17858376,17866977,18310182,18310182,18310182,18310182,18310182.0
49,OFFICE OF SUSTAINABILITY,class_100,842041,971635,1149701,1511901,1269401,1269401,1269401,1269401.0
49,OFFICE OF SUSTAINABILITY,class_200,531464,516366,848366,1286984,786984,736984,736984,736984.0
49,OFFICE OF SUSTAINABILITY,class_300_400,557,1000,1000,1000,1000,1000,1000,1000.0
49,OFFICE OF SUSTAINABILITY,class_500,0,0,0,0,0,0,0,0.0
49,OFFICE OF SUSTAINABILITY,class_700,0,0,0,0,0,0,0,0.0
49,OFFICE OF SUSTAINABILITY,class_800,175000,175000,175000,175000,175000,175000,175000,175000.0
49,OFFICE OF SUSTAINABILITY,class_900,0,0,0,0,0,0,0,0.0
49,OFFICE OF SUSTAINABILITY,total,1549062,1664001,2174067,2974885,2232385,2182385,2182385,2182385.0
16,PARKS AND RECREATION,class_100,51586651,61031936,59175651,65706117,65994019,66030725,66030725,66030725.0
16,PARKS AND RECREATION,class_200,6041127,7674442,8350442,8673442,8248442,8273442,8273442,8273442.0
16,PARKS AND RECREATION,class_300_400,2701834,2930025,4307025,3538538,3515038,3515038,3515038,3515038.0
16,PARKS AND RECREATION,class_500,5719817,1500000,3350000,1500000,1500000,1500000,1500000,1500000.0
16,PARKS AND RECREATION,class_700,0,0,0,0,0,0,0,0.0
16,PARKS AND RECREATION,class_800,0,0,0,0,0,0,0,0.0
16,PARKS AND RECREATION,class_900,0,0,0,0,0,0,0,0.0
16,PARKS AND RECREATION,total,66049429,73136403,75183118,79418097,79257499,79319205,79319205,79319205.0
72,PLANNING & DEVELOPMENT,class_100,4756995,5783913,5779386,7031654,7031654,7031654,7031654,7031654.0
72,PLANNING & DEVELOPMENT,class_200,5570465,21339463,21848463,21756463,4006463,4006463,4006463,4006463.0
72,PLANNING & DEVELOPMENT,class_300_400,73540,89761,144761,116305,116305,116305,116305,116305.0
72,PLANNING & DEVELOPMENT,class_500,3000720,3000000,4500000,6500000,3000000,3000000,3000000,3000000.0
72,PLANNING & DEVELOPMENT,class_700,0,0,0,0,0,0,0,0.0
72,PLANNING & DEVELOPMENT,class_800,0,0,0,0,0,0,0,0.0
72,PLANNING & DEVELOPMENT,class_900,0,0,0,0,0,0,0,0.0
72,PLANNING & DEVELOPMENT,total,13401720,30213137,32272610,35404422,14154422,14154422,14154422,14154422.0
11,POLICE,class_100,727678591,753577996,764495947,800086615,792225043,792492958,792670835,792861163.0
11,POLICE,class_200,9597029,12917116,13147116,16369164,17603352,17603352,17603352,17603352.0
11,POLICE,class_300_400,15008542,16549152,17345952,16875982,16125982,16125982,16125982,16125982.0
11,POLICE,class_500,22663828,0,0,0,0,0,0,0.0
11,POLICE,class_700,0,0,0,0,0,0,0,0.0
11,POLICE,class_800,0,5000000,5000000,22500000,22500000,0,0,0.0
11,POLICE,class_900,0,0,0,0,0,0,0,0.0
11,POLICE,total,774947990,788044264,799989015,855831761,848454377,826222292,826400169,826590497.0
23,PRISONS,class_100,118473913,135537939,158889026,172050282,172652248,173305558,174005797,174748928.0
23,PRISONS,class_200,97900257,104696211,113696211,111916569,112666952,108881654,108881654,108881654.0
23,PRISONS,class_300_400,5143403,4674595,5101795,7105822,6373447,4991255,4991255,4991255.0
23,PRISONS,class_500,2651971,1201757,1201757,1701757,1701757,1701757,1701757,1701757.0
23,PRISONS,class_700,0,0,0,0,0,0,0,0.0
23,PRISONS,class_800,0,0,0,0,0,0,0,0.0
23,PRISONS,class_900,0,0,0,0,0,0,0,0.0
23,PRISONS,total,224169544,246110502,278888789,292774430,293394404,288880224,289580463,290323594.0
38,PROCUREMENT,class_100,2665060,3404302,3411587,3612226,3612226,3612226,3612226,3612226.0
38,PROCUREMENT,class_200,2312609,3431115,4406115,3576628,3576628,3576628,3576628,3576628.0
38,PROCUREMENT,class_300_400,5389,39359,39359,46868,46868,46868,46868,46868.0
38,PROCUREMENT,class_500,20000,0,0,0,0,0,0,0.0
38,PROCUREMENT,class_700,0,0,0,0,0,0,0,0.0
38,PROCUREMENT,class_800,0,0,0,0,0,0,0,0.0
38,PROCUREMENT,class_900,0,0,0,0,0,0,0,0.0
38,PROCUREMENT,total,5003058,6874776,7857061,7235722,7235722,7235722,7235722,7235722.0
14,PUBLIC HEALTH,class_100,60210880,62755979,62781033,69046910,69175597,79771683,80158433,80158433.0
14,PUBLIC HEALTH,class_200,86906007,90784022,86534022,70157457,66340859,64341512,63783584,63783584.0
14,PUBLIC HEALTH,class_300_400,5868740,6746403,6346403,8608549,8112114,8167393,8224443,8224443.0
14,PUBLIC HEALTH,class_500,24577,0,0,0,0,0,0,0.0
14,PUBLIC HEALTH,class_700,0,0,0,0,0,0,0,0.0
14,PUBLIC HEALTH,class_800,923404,923404,923404,923404,923404,923404,923404,923404.0
14,PUBLIC HEALTH,class_900,0,0,0,0,0,0,0,0.0
14,PUBLIC HEALTH,total,153933608,161209808,156584862,148736320,144551974,153203992,153089864,153089864.0
20,PUBLIC PROPERTY,class_100,10124679,12050817,12064207,12395405,12399903,12406597,12406597,12406597.0
20,PUBLIC PROPERTY,class_200,38061186,37608915,42966523,48484992,48830753,49134372,49215350,49298757.0
20,PUBLIC PROPERTY,class_300_400,1324367,1338535,1338535,1405461,1405461,1405461,1405461,1405461.0
20,PUBLIC PROPERTY,class_500,632161,0,0,0,0,0,0,0.0
20,PUBLIC PROPERTY,class_700,0,0,0,0,0,0,0,0.0
20,PUBLIC PROPERTY,class_800,25262470,27184004,27184004,33373310,35998829,38472291,40148291,41175149.0
20,PUBLIC PROPERTY,class_900,0,0,0,0,0,0,0,0.0
20,PUBLIC PROPERTY,total,75404863,78182271,83553269,95659168,98634946,101418721,103175699,104285964.0
20SS,PUBLIC PROPERTY - SEPTA SUBSIDY,class_100,0,0,0,0,0,0,0,0.0
20SS,PUBLIC PROPERTY - SEPTA SUBSIDY,class_200,91214000,100699000,100699000,109567000,113889000,118842000,123979000,129051000.0
20SS,PUBLIC PROPERTY - SEPTA SUBSIDY,class_300_400,0,0,0,0,0,0,0,0.0
20SS,PUBLIC PROPERTY - SEPTA SUBSIDY,class_500,0,0,0,0,0,0,0,0.0
20SS,PUBLIC PROPERTY - SEPTA SUBSIDY,class_700,0,0,0,0,0,0,0,0.0
20SS,PUBLIC PROPERTY - SEPTA SUBSIDY,class_800,0,0,0,0,0,0,0,0.0
20SS,PUBLIC PROPERTY - SEPTA SUBSIDY,class_900,0,0,0,0,0,0,0,0.0
20SS,PUBLIC PROPERTY - SEPTA SUBSIDY,total,91214000,100699000,100699000,109567000,113889000,118842000,123979000,129051000.0
20SR,PUBLIC PROPERTY - SPACE RENTALS,class_100,0,0,0,0,0,0,0,0.0
20SR,PUBLIC PROPERTY - SPACE RENTALS,class_200,27430707,33293144,34123144,37448243,38653527,40085446,41665393,43004728.0
20SR,PUBLIC PROPERTY - SPACE RENTALS,class_300_400,0,0,0,0,0,0,0,0.0
20SR,PUBLIC PROPERTY - SPACE RENTALS,class_500,0,0,0,0,0,0,0,0.0
20SR,PUBLIC PROPERTY - SPACE RENTALS,class_700,0,0,0,0,0,0,0,0.0
20SR,PUBLIC PROPERTY - SPACE RENTALS,class_800,0,0,0,0,0,0,0,0.0
20SR,PUBLIC PROPERTY - SPACE RENTALS,class_900,0,0,0,0,0,0,0,0.0
20SR,PUBLIC PROPERTY - SPACE RENTALS,total,27430707,33293144,34123144,37448243,38653527,40085446,41665393,43004728.0
20U,PUBLIC PROPERTY - UTILITIES,class_100,0,0,0,0,0,0,0,0.0
20U,PUBLIC PROPERTY - UTILITIES,class_200,24767455,32986853,32986853,31162103,28685099,28004736,28952261,29931469.25646185
20U,PUBLIC PROPERTY - UTILITIES,class_300_400,0,0,0,0,0,0,0,0.0
20U,PUBLIC PROPERTY - UTILITIES,class_500,0,0,0,0,0,0,0,0.0
20U,PUBLIC PROPERTY - UTILITIES,class_700,0,0,0,0,0,0,0,0.0
20U,PUBLIC PROPERTY - UTILITIES,class_800,0,0,0,0,0,0,0,0.0
20U,PUBLIC PROPERTY - UTILITIES,class_900,0,0,0,0,0,0,0,0.0
20U,PUBLIC PROPERTY - UTILITIES,total,24767455,32986853,32986853,31162103,28685099,28004736,28952261,29931469.25646185
31,RECORDS,class_100,3202359,3374335,3376994,3616541,3623071,3632384,3639261,3646143.0
31,RECORDS,class_200,718037,758985,758985,804122,704122,704122,704122,704122.0
31,RECORDS,class_300_400,136102,143758,143758,143758,143758,143758,143758,143758.0
31,RECORDS,class_500,0,0,0,0,0,0,0,0.0
31,RECORDS,class_700,0,0,0,0,0,0,0,0.0
31,RECORDS,class_800,0,0,0,0,0,0,0,0.0
31,RECORDS,class_900,0,0,0,0,0,0,0,0.0
31,RECORDS,total,4056498,4277078,4279737,4564421,4470951,4480264,4487141,4494023.0
68,REGISTER OF WILLS,class_100,4221694,4309771,4327557,4450243,4450243,4450243,4450243,4450243.0
68,REGISTER OF WILLS,class_200,181769,406959,406959,421959,421959,421959,421959,421959.0
68,REGISTER OF WILLS,class_300_400,115666,140236,140236,152596,152596,152596,152596,152596.0
68,REGISTER OF WILLS,class_500,0,0,0,0,0,0,0,0.0
68,REGISTER OF WILLS,class_700,0,0,0,0,0,0,0,0.0
68,REGISTER OF WILLS,class_800,0,0,0,0,0,0,0,0.0
68,REGISTER OF WILLS,class_900,0,0,0,0,0,0,0,0.0
68,REGISTER OF WILLS,total,4519129,4856966,4874752,5024798,5024798,5024798,5024798,5024798.0
36,REVENUE,class_100,20432060,21927194,21951596,22626664,22626664,22626664,22626664,22626664.0
36,REVENUE,class_200,1536515,5106407,4875231,5158798,4721686,4764649,4764649,4764649.0
36,REVENUE,class_300_400,702300,774976,1006152,1069045,1069045,1069045,1069045,1069045.0
36,REVENUE,class_500,6489,0,0,0,0,0,0,0.0
36,REVENUE,class_700,0,0,0,0,0,0,0,0.0
36,REVENUE,class_800,0,0,0,0,0,0,0,0.0
36,REVENUE,class_900,0,0,0,0,0,0,0,0.0
36,REVENUE,total,22677364,27808577,27832979,28854507,28417395,28460358,28460358,28460358.0
70,SHERIFF,class_100,26834747,28345027,28365689,30232235,30232235,30232235,30232235,30232235.0
70,SHERIFF,class_200,811855,1305267,1305267,1347080,1347080,1347080,1347080,1347080.0
70,SHERIFF,class_300_400,769426,1203507,1203507,1287133,1287133,1287133,1287133,1287133.0
70,SHERIFF,class_500,481125,0,0,0,0,0,0,0.0
70,SHERIFF,class_700,0,0,0,0,0,0,0,0.0
70,SHERIFF,class_800,0,0,0,0,0,0,0,0.0
70,SHERIFF,class_900,0,0,0,0,0,0,0,0.0
70,SHERIFF,total,28897153,30853801,30874463,32866448,32866448,32866448,32866448,32866448.0
37,SINKING FUND COMMISSION (DEBT SERVICE),class_100,0,0,0,0,0,0,0,0.0
37,SINKING FUND COMMISSION (DEBT SERVICE),class_200,95750035,115087498,115087498,122585099,125629114,130762828,133849949,135169878.0
37,SINKING FUND COMMISSION (DEBT SERVICE),class_300_400,0,0,0,0,0,0,0,0.0
37,SINKING FUND COMMISSION (DEBT SERVICE),class_500,0,0,0,0,0,0,0,0.0
37,SINKING FUND COMMISSION (DEBT SERVICE),class_700,188717560,193710223,193710223,201632422,232838496,250353379,263423094,284208730.0
37,SINKING FUND COMMISSION (DEBT SERVICE),class_800,0,0,0,0,0,0,0,0.0
37,SINKING FUND COMMISSION (DEBT SERVICE),class_900,0,0,0,0,0,0,0,0.0
37,SINKING FUND COMMISSION (DEBT SERVICE),total,284467595,308797721,308797721,324217521,358467610,381116207,397273043,419378608.0
12,STREETS - Disposal  (Class 0205 in Divisions 01 and 02),class_100,0,0,0,0,0,0,0,0.0
12,STREETS - Disposal  (Class 0205 in Divisions 01 and 02),class_200,55022737,55389886,55389886,55178274,59383802,61739279,64208426,66720118.0
12,STREETS - Disposal  (Class 0205 in Divisions 01 and 02),class_300_400,0,0,0,0,0,0,0,0.0
12,STREETS - Disposal  (Class 0205 in Divisions 01 and 02),class_500,0,0,0,0,0,0,0,0.0
12,STREETS - Disposal  (Class 0205 in Divisions 01 and 02),class_700,0,0,0,0,0,0,0,0.0
12,STREETS - Disposal  (Class 0205 in Divisions 01 and 02),class_800,0,0,0,0,0,0,0,0.0
12,STREETS - Disposal  (Class 0205 in Divisions 01 and 02),class_900,0,0,0,0,0,0,0,0.0
12,STREETS - Disposal  (Class 0205 in Divisions 01 and 02),total,55022737,55389886,55389886,55178274,59383802,61739279,64208426,66720118.0
12,STREETS (Excl. Disposal),class_100,99660073,122676329,122494102,90005569,92707335,92707335,92707335,92707335.0
12,STREETS (Excl. Disposal),class_200,5399229,17725345,15320345,5461616,861616,861616,861616,861616.0
12,STREETS (Excl. Disposal),class_300_400,14129313,21994981,23399981,12439954,3050954,3044632,3044632,3044632.0
12,STREETS (Excl. Disposal),class_500,15527943,53171,53171,53171,53171,53171,53171,53171.0
12,STREETS (Excl. Disposal),class_700,0,0,0,0,0,0,0,0.0
12,STREETS (Excl. Disposal),class_800,0,0,0,0,0,0,0,0.0
12,STREETS (Excl. Disposal),class_900,0,0,0,0,0,0,0,0.0
12,STREETS (Excl. Disposal),total,134716558,162449826,161267599,107960310,96673076,96666754,96666754,96666754.0
