Code,Department,Expenditure Class,FY20 Actual,FY21 Adopted Budget,FY21 Current Target,FY22 Estimate,FY23 Estimate,FY24 Estimate,FY25 Estimate,FY26 Estimate
34,ART MUSEUM SUBSIDY,class_100,0,0.0,0.0,0.0,0.0,0.0,0.0,0.0
34,ART MUSEUM SUBSIDY,class_200,0,0.0,0.0,0.0,0.0,0.0,0.0,0.0
34,ART MUSEUM SUBSIDY,class_300_400,0,0.0,0.0,0.0,0.0,0.0,0.0,0.0
34,ART MUSEUM SUBSIDY,class_500,2550000,2040000.0,2040000.0,2040000.0,2040000.0,2040000.0,2040000.0,2040000.0
34,ART MUSEUM SUBSIDY,class_700,0,0.0,0.0,0.0,0.0,0.0,0.0,0.0
34,ART MUSEUM SUBSIDY,class_800,0,0.0,0.0,0.0,0.0,0.0,0.0,0.0
34,ART MUSEUM SUBSIDY,class_900,0,0.0,0.0,0.0,0.0,0.0,0.0,0.0
34,ART MUSEUM SUBSIDY,total,2550000,2040000.0,2040000.0,2040000.0,2040000.0,2040000.0,2040000.0,2040000.0
18,ATWATER KENT MUSEUM,class_100,0,0.0,0.0,0.0,0.0,0.0,0.0,0.0
18,ATWATER KENT MUSEUM,class_200,0,0.0,0.0,0.0,0.0,0.0,0.0,0.0
18,ATWATER KENT MUSEUM,class_300_400,0,0.0,0.0,0.0,0.0,0.0,0.0,0.0
18,ATWATER KENT MUSEUM,class_500,0,0.0,0.0,0.0,0.0,0.0,0.0,0.0
18,ATWATER KENT MUSEUM,class_700,0,0.0,0.0,0.0,0.0,0.0,0.0,0.0
18,ATWATER KENT MUSEUM,class_800,0,0.0,0.0,0.0,0.0,0.0,0.0,0.0
18,ATWATER KENT MUSEUM,class_900,0,0.0,0.0,0.0,0.0,0.0,0.0,0.0
18,ATWATER KENT MUSEUM,total,0,0.0,0.0,0.0,0.0,0.0,0.0,0.0
61,AUDITING,class_100,9466389,9045839.0,9045839.0,8955839.0,8955839.0,8955839.0,8955839.0,8955839.0
61,AUDITING,class_200,496971,497450.0,497450.0,497450.0,497450.0,497450.0,497450.0,497450.0
61,AUDITING,class_300_400,20603,25000.0,25000.0,25000.0,25000.0,25000.0,25000.0,25000.0
61,AUDITING,class_500,0,0.0,0.0,0.0,0.0,0.0,0.0,0.0
61,AUDITING,class_700,0,0.0,0.0,0.0,0.0,0.0,0.0,0.0
61,AUDITING,class_800,0,0.0,0.0,0.0,0.0,0.0,0.0,0.0
61,AUDITING,class_900,0,0.0,0.0,0.0,0.0,0.0,0.0,0.0
61,AUDITING,total,9983963,9568289.0,9568289.0,9478289.0,9478289.0,9478289.0,9478289.0,9478289.0
45,BOARD OF ETHICS,class_100,922164,915196.0,915196.0,915196.0,915196.0,915196.0,915196.0,915196.0
45,BOARD OF ETHICS,class_200,42474,52500.0,52500.0,52500.0,52500.0,52500.0,52500.0,52500.0
45,BOARD OF ETHICS,class_300_400,4112,7500.0,7500.0,7500.0,7500.0,7500.0,7500.0,7500.0
45,BOARD OF ETHICS,class_500,0,0.0,0.0,0.0,0.0,0.0,0.0,0.0
45,BOARD OF ETHICS,class_700,0,0.0,0.0,0.0,0.0,0.0,0.0,0.0
45,BOARD OF ETHICS,class_800,0,0.0,0.0,0.0,0.0,0.0,0.0,0.0
45,BOARD OF ETHICS,class_900,0,0.0,0.0,0.0,0.0,0.0,0.0,0.0
45,BOARD OF ETHICS,total,968750,975196.0,975196.0,975196.0,975196.0,975196.0,975196.0,975196.0
63,BOARD OF REVISION OF TAXES,class_100,1044789,987587.0,987587.0,997835.0,997835.0,997835.0,997835.0,997835.0
63,BOARD OF REVISION OF TAXES,class_200,39013,37900.0,37900.0,37900.0,37900.0,37900.0,37900.0,37900.0
63,BOARD OF REVISION OF TAXES,class_300_400,22571,17727.0,17727.0,17727.0,17727.0,17727.0,17727.0,17727.0
63,BOARD OF REVISION OF TAXES,class_500,0,0.0,0.0,0.0,0.0,0.0,0.0,0.0
63,BOARD OF REVISION OF TAXES,class_700,0,0.0,0.0,0.0,0.0,0.0,0.0,0.0
63,BOARD OF REVISION OF TAXES,class_800,0,0.0,0.0,0.0,0.0,0.0,0.0,0.0
63,BOARD OF REVISION OF TAXES,class_900,0,0.0,0.0,0.0,0.0,0.0,0.0,0.0
63,BOARD OF REVISION OF TAXES,total,1106373,1043214.0,1043214.0,1053462.0,1053462.0,1053462.0,1053462.0,1053462.0
73,CITY COMMISSIONERS,class_100,7075077,6714174.0,6714174.0,8413534.0,8413534.0,8413534.0,8413534.0,8413534.0
73,CITY COMMISSIONERS,class_200,5648640,5011061.0,11493925.0,6862101.0,6862101.0,6967101.0,10449965.0,6967101.0
73,CITY COMMISSIONERS,class_300_400,1459681,572617.0,3836583.0,2771217.0,2771217.0,2802217.0,3066183.0,2802217.0
73,CITY COMMISSIONERS,class_500,0,0.0,0.0,0.0,0.0,0.0,0.0,0.0
73,CITY COMMISSIONERS,class_700,0,0.0,0.0,0.0,0.0,0.0,0.0,0.0
73,CITY COMMISSIONERS,class_800,0,0.0,0.0,0.0,0.0,0.0,0.0,0.0
73,CITY COMMISSIONERS,class_900,0,0.0,0.0,0.0,0.0,0.0,0.0,0.0
73,CITY COMMISSIONERS,total,14183398,12297852.0,22044682.0,18046852.0,18046852.0,18182852.0,21929682.0,18182852.0
01,CITY COUNCIL,class_100,14433197,14877138.0,14677138.0,15379138.0,16129138.0,16129138.0,16129138.0,16129138.0
01,CITY COUNCIL,class_200,2444348,1976885.0,2255885.0,2121885.0,2271885.0,2271885.0,2271885.0,2271885.0
01,CITY COUNCIL,class_300_400,528131,428650.0,428650.0,528650.0,628650.0,628650.0,628650.0,628650.0
01,CITY COUNCIL,class_500,793,25000100.0,19250100.0,100.0,100.0,100.0,100.0,100.0
01,CITY COUNCIL,class_700,0,0.0,0.0,0.0,0.0,0.0,0.0,0.0
01,CITY COUNCIL,class_800,0,100.0,100.0,100.0,100.0,100.0,100.0,100.0
01,CITY COUNCIL,class_900,0,100.0,100.0,100.0,100.0,100.0,100.0,100.0
01,CITY COUNCIL,total,17406469,42282973.0,36611973.0,18029973.0,19029973.0,19029973.0,19029973.0,19029973.0
41,CITY REPRESENTATIVE,class_100,683372,0.0,0.0,0.0,0.0,0.0,0.0,0.0
41,CITY REPRESENTATIVE,class_200,320942,0.0,0.0,0.0,0.0,0.0,0.0,0.0
41,CITY REPRESENTATIVE,class_300_400,24746,0.0,0.0,0.0,0.0,0.0,0.0,0.0
41,CITY REPRESENTATIVE,class_500,0,0.0,0.0,0.0,0.0,0.0,0.0,0.0
41,CITY REPRESENTATIVE,class_700,0,0.0,0.0,0.0,0.0,0.0,0.0,0.0
41,CITY REPRESENTATIVE,class_800,0,0.0,0.0,0.0,0.0,0.0,0.0,0.0
41,CITY REPRESENTATIVE,class_900,0,0.0,0.0,0.0,0.0,0.0,0.0,0.0
41,CITY REPRESENTATIVE,total,1029060,0.0,0.0,0.0,0.0,0.0,0.0,0.0
40,CITY TREASURER,class_100,1268936,1368170.0,1368170.0,1395075.0,1395075.0,1395075.0,1395075.0,1395075.0
40,CITY TREASURER,class_200,180610,193544.0,558544.0,193544.0,193544.0,193544.0,193544.0,193544.0
40,CITY TREASURER,class_300_400,6762,22224.0,22224.0,22224.0,22224.0,22224.0,22224.0,22224.0
40,CITY TREASURER,class_500,0,0.0,0.0,0.0,0.0,0.0,0.0,0.0
40,CITY TREASURER,class_700,0,0.0,0.0,0.0,0.0,0.0,0.0,0.0
40,CITY TREASURER,class_800,0,0.0,0.0,0.0,0.0,0.0,0.0,0.0
40,CITY TREASURER,class_900,0,0.0,0.0,0.0,0.0,0.0,0.0,0.0
40,CITY TREASURER,total,1456308,1583938.0,1948938.0,1610843.0,1610843.0,1610843.0,1610843.0,1610843.0
55,CIVIL SERVICE COMMISSION,class_100,160826,177148.0,177148.0,177148.0,177148.0,177148.0,177148.0,177148.0
55,CIVIL SERVICE COMMISSION,class_200,29500,29500.0,29500.0,29500.0,29500.0,29500.0,29500.0,29500.0
55,CIVIL SERVICE COMMISSION,class_300_400,500,1094.0,1094.0,1094.0,1094.0,1094.0,1094.0,1094.0
55,CIVIL SERVICE COMMISSION,class_500,0,0.0,0.0,0.0,0.0,0.0,0.0,0.0
55,CIVIL SERVICE COMMISSION,class_700,0,0.0,0.0,0.0,0.0,0.0,0.0,0.0
55,CIVIL SERVICE COMMISSION,class_800,0,0.0,0.0,0.0,0.0,0.0,0.0,0.0
55,CIVIL SERVICE COMMISSION,class_900,0,0.0,0.0,0.0,0.0,0.0,0.0,0.0
55,CIVIL SERVICE COMMISSION,total,190826,207742.0,207742.0,207742.0,207742.0,207742.0,207742.0,207742.0
55L,CIVIL SERVICE COMMISSION - PROVISIONS FOR FUTURE LABOR AGREEMENTS,class_100,0,0.0,0.0,0.0,0.0,0.0,0.0,0.0
55L,CIVIL SERVICE COMMISSION - PROVISIONS FOR FUTURE LABOR AGREEMENTS,class_200,0,0.0,0.0,0.0,0.0,0.0,0.0,0.0
55L,CIVIL SERVICE COMMISSION - PROVISIONS FOR FUTURE LABOR AGREEMENTS,class_300_400,0,0.0,0.0,0.0,0.0,0.0,0.0,0.0
55L,CIVIL SERVICE COMMISSION - PROVISIONS FOR FUTURE LABOR AGREEMENTS,class_500,0,0.0,0.0,0.0,0.0,0.0,0.0,0.0
55L,CIVIL SERVICE COMMISSION - PROVISIONS FOR FUTURE LABOR AGREEMENTS,class_700,0,0.0,0.0,0.0,0.0,0.0,0.0,0.0
55L,CIVIL SERVICE COMMISSION - PROVISIONS FOR FUTURE LABOR AGREEMENTS,class_800,0,0.0,0.0,0.0,0.0,0.0,0.0,0.0
55L,CIVIL SERVICE COMMISSION - PROVISIONS FOR FUTURE LABOR AGREEMENTS,class_900,0,0.0,0.0,25000000.0,35000000.0,40000000.0,50000000.0,50000000.0
55L,CIVIL SERVICE COMMISSION - PROVISIONS FOR FUTURE LABOR AGREEMENTS,total,0,0.0,0.0,25000000.0,35000000.0,40000000.0,50000000.0,50000000.0
42,COMMERCE,class_100,3453180,2394341.0,2499341.0,2714341.0,2714341.0,2714341.0,2714341.0,2714341.0
42,COMMERCE,class_200,6252079,1216153.0,808831.0,4657989.0,5057989.0,5057989.0,2061153.0,2061153.0
42,COMMERCE,class_300_400,21871,26654.0,26654.0,26654.0,26654.0,26654.0,26654.0,26654.0
42,COMMERCE,class_500,500000,0.0,0.0,0.0,0.0,0.0,0.0,0.0
42,COMMERCE,class_700,0,0.0,0.0,0.0,0.0,0.0,0.0,0.0
42,COMMERCE,class_800,0,0.0,0.0,0.0,0.0,0.0,0.0,0.0
42,COMMERCE,class_900,0,0.0,0.0,0.0,0.0,0.0,0.0,0.0
42,COMMERCE,total,10227130,3637148.0,3334826.0,7398984.0,7798984.0,7798984.0,4802148.0,4802148.0
42CC,COMMERCE - CONVENTION CENTER SUBSIDY,class_100,0,0.0,0.0,0.0,0.0,0.0,0.0,0.0
42CC,COMMERCE - CONVENTION CENTER SUBSIDY,class_200,15000000,15000000.0,15000000.0,15000000.0,15000000.0,15000000.0,15000000.0,15000000.0
42CC,COMMERCE - CONVENTION CENTER SUBSIDY,class_300_400,0,0.0,0.0,0.0,0.0,0.0,0.0,0.0
42CC,COMMERCE - CONVENTION CENTER SUBSIDY,class_500,0,0.0,0.0,0.0,0.0,0.0,0.0,0.0
42CC,COMMERCE - CONVENTION CENTER SUBSIDY,class_700,0,0.0,0.0,0.0,0.0,0.0,0.0,0.0
42CC,COMMERCE - CONVENTION CENTER SUBSIDY,class_800,0,0.0,0.0,0.0,0.0,0.0,0.0,0.0
42CC,COMMERCE - CONVENTION CENTER SUBSIDY,class_900,0,0.0,0.0,0.0,0.0,0.0,0.0,0.0
42CC,COMMERCE - CONVENTION CENTER SUBSIDY,total,15000000,15000000.0,15000000.0,15000000.0,15000000.0,15000000.0,15000000.0,15000000.0
42ES,COMMERCE - ECONOMIC STIMULUS,class_100,0,0.0,0.0,0.0,0.0,0.0,0.0,0.0
42ES,COMMERCE - ECONOMIC STIMULUS,class_200,5654666,3015000.0,3015000.0,3015000.0,13015000.0,13015000.0,13015000.0,13015000.0
42ES,COMMERCE - ECONOMIC STIMULUS,class_300_400,0,0.0,0.0,0.0,0.0,0.0,0.0,0.0
42ES,COMMERCE - ECONOMIC STIMULUS,class_500,0,0.0,0.0,0.0,0.0,0.0,0.0,0.0
42ES,COMMERCE - ECONOMIC STIMULUS,class_700,0,0.0,0.0,0.0,0.0,0.0,0.0,0.0
42ES,COMMERCE - ECONOMIC STIMULUS,class_800,0,0.0,0.0,0.0,0.0,0.0,0.0,0.0
42ES,COMMERCE - ECONOMIC STIMULUS,class_900,0,0.0,0.0,0.0,0.0,0.0,0.0,0.0
42ES,COMMERCE - ECONOMIC STIMULUS,total,5654666,3015000.0,3015000.0,3015000.0,13015000.0,13015000.0,13015000.0,13015000.0
69,DISTRICT ATTORNEY,class_100,38029618,30262904.0,36562904.0,36562904.0,36562904.0,36562904.0,36562904.0,36562904.0
69,DISTRICT ATTORNEY,class_200,3702006,2693738.0,3343738.0,3343738.0,3343738.0,3343738.0,3343738.0,3343738.0
69,DISTRICT ATTORNEY,class_300_400,636277,420017.0,525017.0,525017.0,525017.0,525017.0,525017.0,525017.0
69,DISTRICT ATTORNEY,class_500,2913759,0.0,0.0,0.0,0.0,0.0,0.0,0.0
69,DISTRICT ATTORNEY,class_700,0,0.0,0.0,0.0,0.0,0.0,0.0,0.0
69,DISTRICT ATTORNEY,class_800,0,0.0,0.0,0.0,0.0,0.0,0.0,0.0
69,DISTRICT ATTORNEY,class_900,0,0.0,0.0,0.0,0.0,0.0,0.0,0.0
69,DISTRICT ATTORNEY,total,45281660,33376659.0,40431659.0,40431659.0,40431659.0,40431659.0,40431659.0,40431659.0
35,FINANCE,class_100,9222201,10312396.0,8917135.0,9869056.0,9843256.0,9942398.0,10044514.0,10044514.0
35,FINANCE,class_200,3044069,2626660.0,3021921.0,3439267.0,3532304.0,3777536.0,4103713.0,4478817.0
35,FINANCE,class_300_400,46241,35616.0,35616.0,35616.0,35616.0,35616.0,35616.0,35616.0
35,FINANCE,class_500,5690466,1250000.0,16495357.0,1415700.0,1900000.0,2400000.0,2700000.0,2400000.0
35,FINANCE,class_700,0,0.0,0.0,0.0,0.0,0.0,0.0,0.0
35,FINANCE,class_800,81285000,24500000.0,24500000.0,11360000.0,7730925.0,14174037.0,11665950.0,15352212.0
35,FINANCE,class_900,0,0.0,0.0,0.0,0.0,0.0,0.0,0.0
35,FINANCE,total,99287977,38724672.0,52970029.0,26119639.0,23042101.0,30329587.0,28549793.0,32311159.0
35RR,FINANCE-PANDEMIC RESERVE,class_100,0,0.0,0.0,0.0,0.0,0.0,0.0,0.0
35RR,FINANCE-PANDEMIC RESERVE,class_200,0,0.0,0.0,0.0,0.0,0.0,0.0,0.0
35RR,FINANCE-PANDEMIC RESERVE,class_300_400,0,0.0,0.0,0.0,0.0,0.0,0.0,0.0
35RR,FINANCE-PANDEMIC RESERVE,class_500,0,0.0,0.0,0.0,0.0,0.0,0.0,0.0
35RR,FINANCE-PANDEMIC RESERVE,class_700,0,0.0,0.0,0.0,0.0,0.0,0.0,0.0
35RR,FINANCE-PANDEMIC RESERVE,class_800,0,0.0,0.0,0.0,0.0,0.0,0.0,0.0
35RR,FINANCE-PANDEMIC RESERVE,class_900,0,25000000.0,0.0,75000000.0,75000000.0,25000000.0,25000000.0,25000000.0
35RR,FINANCE-PANDEMIC RESERVE,total,0,25000000.0,0.0,75000000.0,75000000.0,25000000.0,25000000.0,25000000.0
35REG,FINANCE-DISABILITY-REG #32 PAYROLL,class_100,1092451,2650000.0,2650000.0,2650000.0,2650000.0,2650000.0,2650000.0,2650000.0
35REG,FINANCE-DISABILITY-REG #32 PAYROLL,class_200,0,0.0,0.0,0.0,0.0,0.0,0.0,0.0
35REG,FINANCE-DISABILITY-REG #32 PAYROLL,class_300_400,0,0.0,0.0,0.0,0.0,0.0,0.0,0.0
35REG,FINANCE-DISABILITY-REG #32 PAYROLL,class_500,0,0.0,0.0,0.0,0.0,0.0,0.0,0.0
35REG,FINANCE-DISABILITY-REG #32 PAYROLL,class_700,0,0.0,0.0,0.0,0.0,0.0,0.0,0.0
35REG,FINANCE-DISABILITY-REG #32 PAYROLL,class_800,0,0.0,0.0,0.0,0.0,0.0,0.0,0.0
35REG,FINANCE-DISABILITY-REG #32 PAYROLL,class_900,0,0.0,0.0,0.0,0.0,0.0,0.0,0.0
35REG,FINANCE-DISABILITY-REG #32 PAYROLL,total,1092451,2650000.0,2650000.0,2650000.0,2650000.0,2650000.0,2650000.0,2650000.0
35CC,FINANCE - COMMUNITY COLLEGE SUBSIDY,class_100,0,0.0,0.0,0.0,0.0,0.0,0.0,0.0
35CC,FINANCE - COMMUNITY COLLEGE SUBSIDY,class_200,0,0.0,0.0,0.0,0.0,0.0,0.0,0.0
35CC,FINANCE - COMMUNITY COLLEGE SUBSIDY,class_300_400,0,0.0,0.0,0.0,0.0,0.0,0.0,0.0
35CC,FINANCE - COMMUNITY COLLEGE SUBSIDY,class_500,36059207,44110159.0,44110159.0,48128075.0,50106653.0,50860996.0,50758698.0,50758698.0
35CC,FINANCE - COMMUNITY COLLEGE SUBSIDY,class_700,0,0.0,0.0,0.0,0.0,0.0,0.0,0.0
35CC,FINANCE - COMMUNITY COLLEGE SUBSIDY,class_800,0,0.0,0.0,0.0,0.0,0.0,0.0,0.0
35CC,FINANCE - COMMUNITY COLLEGE SUBSIDY,class_900,0,0.0,0.0,0.0,0.0,0.0,0.0,0.0
35CC,FINANCE - COMMUNITY COLLEGE SUBSIDY,total,36059207,44110159.0,44110159.0,48128075.0,50106653.0,50860996.0,50758698.0,50758698.0
35BS,FINANCE - BUDGET STABILIZATION RESERVE,class_100,0,0.0,0.0,0.0,0.0,0.0,0.0,0.0
35BS,FINANCE - BUDGET STABILIZATION RESERVE,class_200,0,0.0,0.0,0.0,0.0,0.0,0.0,0.0
35BS,FINANCE - BUDGET STABILIZATION RESERVE,class_300_400,0,0.0,0.0,0.0,0.0,0.0,0.0,0.0
35BS,FINANCE - BUDGET STABILIZATION RESERVE,class_500,0,0.0,0.0,0.0,0.0,0.0,0.0,0.0
35BS,FINANCE - BUDGET STABILIZATION RESERVE,class_700,0,0.0,0.0,0.0,0.0,0.0,0.0,0.0
35BS,FINANCE - BUDGET STABILIZATION RESERVE,class_800,34276000,0.0,0.0,0.0,0.0,0.0,0.0,0.0
35BS,FINANCE - BUDGET STABILIZATION RESERVE,class_900,0,0.0,0.0,0.0,0.0,0.0,0.0,0.0
35BS,FINANCE - BUDGET STABILIZATION RESERVE,total,34276000,0.0,0.0,0.0,0.0,0.0,0.0,0.0
35EB,FINANCE - EMPLOYEE BENEFITS,class_100,1363379633,1287159003.0,1302161016.0,1434553835.0,1501975576.0,1568556052.0,1619677604.0,1675168998.0
35EB,FINANCE - EMPLOYEE BENEFITS,class_200,0,0.0,0.0,0.0,0.0,0.0,0.0,0.0
35EB,FINANCE - EMPLOYEE BENEFITS,class_300_400,0,0.0,0.0,0.0,0.0,0.0,0.0,0.0
35EB,FINANCE - EMPLOYEE BENEFITS,class_500,0,0.0,0.0,0.0,0.0,0.0,0.0,0.0
35EB,FINANCE - EMPLOYEE BENEFITS,class_700,0,0.0,0.0,0.0,0.0,0.0,0.0,0.0
35EB,FINANCE - EMPLOYEE BENEFITS,class_800,0,0.0,0.0,0.0,0.0,0.0,0.0,0.0
35EB,FINANCE - EMPLOYEE BENEFITS,class_900,0,0.0,0.0,0.0,0.0,0.0,0.0,0.0
35EB,FINANCE - EMPLOYEE BENEFITS,total,1363379633,1287159003.0,1302161016.0,1434553835.0,1501975576.0,1568556052.0,1619677604.0,1675168998.0
35HA,FINANCE - HERO AWARDS,class_100,0,0.0,0.0,0.0,0.0,0.0,0.0,0.0
35HA,FINANCE - HERO AWARDS,class_200,0,0.0,0.0,0.0,0.0,0.0,0.0,0.0
35HA,FINANCE - HERO AWARDS,class_300_400,0,0.0,0.0,0.0,0.0,0.0,0.0,0.0
35HA,FINANCE - HERO AWARDS,class_500,0,25000.0,25000.0,25000.0,25000.0,25000.0,25000.0,25000.0
35HA,FINANCE - HERO AWARDS,class_700,0,0.0,0.0,0.0,0.0,0.0,0.0,0.0
35HA,FINANCE - HERO AWARDS,class_800,0,0.0,0.0,0.0,0.0,0.0,0.0,0.0
35HA,FINANCE - HERO AWARDS,class_900,0,0.0,0.0,0.0,0.0,0.0,0.0,0.0
35HA,FINANCE - HERO AWARDS,total,0,25000.0,25000.0,25000.0,25000.0,25000.0,25000.0,25000.0
35IN,FINANCE - INDEMNITIES,class_100,0,0.0,0.0,0.0,0.0,0.0,0.0,0.0
35IN,FINANCE - INDEMNITIES,class_200,0,0.0,0.0,0.0,0.0,0.0,0.0,0.0
35IN,FINANCE - INDEMNITIES,class_300_400,0,0.0,0.0,0.0,0.0,0.0,0.0,0.0
35IN,FINANCE - INDEMNITIES,class_500,7238981,49246000.0,49246000.0,49246000.0,49246000.0,49246000.0,49246000.0,49246000.0
35IN,FINANCE - INDEMNITIES,class_700,0,0.0,0.0,0.0,0.0,0.0,0.0,0.0
35IN,FINANCE - INDEMNITIES,class_800,0,0.0,0.0,0.0,0.0,0.0,0.0,0.0
35IN,FINANCE - INDEMNITIES,class_900,0,0.0,0.0,0.0,0.0,0.0,0.0,0.0
35IN,FINANCE - INDEMNITIES,total,7238981,49246000.0,49246000.0,49246000.0,49246000.0,49246000.0,49246000.0,49246000.0
35R,FINANCE - REFUNDS,class_100,0,0.0,0.0,0.0,0.0,0.0,0.0,0.0
35R,FINANCE - REFUNDS,class_200,0,0.0,0.0,0.0,0.0,0.0,0.0,0.0
35R,FINANCE - REFUNDS,class_300_400,0,0.0,0.0,0.0,0.0,0.0,0.0,0.0
35R,FINANCE - REFUNDS,class_500,11660,250000.0,250000.0,250000.0,250000.0,250000.0,250000.0,250000.0
35R,FINANCE - REFUNDS,class_700,0,0.0,0.0,0.0,0.0,0.0,0.0,0.0
35R,FINANCE - REFUNDS,class_800,0,0.0,0.0,0.0,0.0,0.0,0.0,0.0
35R,FINANCE - REFUNDS,class_900,0,0.0,0.0,0.0,0.0,0.0,0.0,0.0
35R,FINANCE - REFUNDS,total,11660,250000.0,250000.0,250000.0,250000.0,250000.0,250000.0,250000.0
35SD,FINANCE - SCHOOL DISTRICT CONTRIBUTION,class_100,0,0.0,0.0,0.0,0.0,0.0,0.0,0.0
35SD,FINANCE - SCHOOL DISTRICT CONTRIBUTION,class_200,0,0.0,0.0,0.0,0.0,0.0,0.0,0.0
35SD,FINANCE - SCHOOL DISTRICT CONTRIBUTION,class_300_400,0,0.0,0.0,0.0,0.0,0.0,0.0,0.0
35SD,FINANCE - SCHOOL DISTRICT CONTRIBUTION,class_500,227106410,252578558.0,252578558.0,255953201.0,269953201.0,282052590.0,288191821.0,288191821.0
35SD,FINANCE - SCHOOL DISTRICT CONTRIBUTION,class_700,0,0.0,0.0,0.0,0.0,0.0,0.0,0.0
35SD,FINANCE - SCHOOL DISTRICT CONTRIBUTION,class_800,0,0.0,0.0,0.0,0.0,0.0,0.0,0.0
35SD,FINANCE - SCHOOL DISTRICT CONTRIBUTION,class_900,0,0.0,0.0,0.0,0.0,0.0,0.0,0.0
35SD,FINANCE - SCHOOL DISTRICT CONTRIBUTION,total,227106410,252578558.0,252578558.0,255953201.0,269953201.0,282052590.0,288191821.0,288191821.0
35WF,FINANCE - WITNESS FEES,class_100,0,0.0,0.0,0.0,0.0,0.0,0.0,0.0
35WF,FINANCE - WITNESS FEES,class_200,94904,171518.0,171518.0,171518.0,171518.0,171518.0,171518.0,171518.0
35WF,FINANCE - WITNESS FEES,class_300_400,0,0.0,0.0,0.0,0.0,0.0,0.0,0.0
35WF,FINANCE - WITNESS FEES,class_500,0,0.0,0.0,0.0,0.0,0.0,0.0,0.0
35WF,FINANCE - WITNESS FEES,class_700,0,0.0,0.0,0.0,0.0,0.0,0.0,0.0
35WF,FINANCE - WITNESS FEES,class_800,0,0.0,0.0,0.0,0.0,0.0,0.0,0.0
35WF,FINANCE - WITNESS FEES,class_900,0,0.0,0.0,0.0,0.0,0.0,0.0,0.0
35WF,FINANCE - WITNESS FEES,total,94904,171518.0,171518.0,171518.0,171518.0,171518.0,171518.0,171518.0
13,FIRE,class_100,303857650,289256642.0,313256642.0,332992022.0,332998740.0,331781002.0,331896633.0,331896633.0
13,FIRE,class_200,6724552,6724702.0,6724702.0,6728143.0,6808282.0,6808729.0,6811352.0,6811352.0
13,FIRE,class_300_400,10202716,9192914.0,9192914.0,11275064.0,11546264.0,11632051.0,11739212.0,11814610.0
13,FIRE,class_500,789591,0.0,0.0,0.0,0.0,0.0,0.0,0.0
13,FIRE,class_700,0,0.0,0.0,0.0,0.0,0.0,0.0,0.0
13,FIRE,class_800,9325000,9882000.0,9882000.0,10071000.0,10876680.0,11746814.0,12686560.0,13003724.0
13,FIRE,class_900,0,0.0,0.0,0.0,0.0,0.0,0.0,0.0
13,FIRE,total,330899509,315056258.0,339056258.0,361066229.0,362229966.0,361968596.0,363133757.0,363526319.0
84,FIRST JUDICIAL DISTRICT,class_100,103276427,105324122.0,105324122.0,104868556.0,104868556.0,104868556.0,104868556.0,104868556.0
84,FIRST JUDICIAL DISTRICT,class_200,11060993,8480039.0,8480039.0,8643039.0,8643039.0,8643039.0,8643039.0,8643039.0
84,FIRST JUDICIAL DISTRICT,class_300_400,2224626,2231868.0,2231868.0,2231868.0,2231868.0,2231868.0,2231868.0,2231868.0
84,FIRST JUDICIAL DISTRICT,class_500,14482,0.0,0.0,0.0,0.0,0.0,0.0,0.0
84,FIRST JUDICIAL DISTRICT,class_700,0,0.0,0.0,0.0,0.0,0.0,0.0,0.0
84,FIRST JUDICIAL DISTRICT,class_800,0,0.0,0.0,0.0,0.0,0.0,0.0,0.0
84,FIRST JUDICIAL DISTRICT,class_900,0,0.0,0.0,0.0,0.0,0.0,0.0,0.0
84,FIRST JUDICIAL DISTRICT,total,116576528,116036029.0,116036029.0,115743463.0,115743463.0,115743463.0,115743463.0,115743463.0
25,FLEET MANAGEMENT,class_100,18563332,19073455.0,19073455.0,18695138.0,18865138.0,19035138.0,19035138.0,19035138.0
25,FLEET MANAGEMENT,class_200,5379360,5353396.0,5353396.0,5401396.0,5449396.0,5449396.0,5449396.0,5449396.0
25,FLEET MANAGEMENT,class_300_400,22130802,22376873.0,22376873.0,20684642.0,20684642.0,20684642.0,20684642.0,20684642.0
25,FLEET MANAGEMENT,class_500,500,0.0,0.0,0.0,0.0,0.0,0.0,0.0
25,FLEET MANAGEMENT,class_700,0,0.0,0.0,0.0,0.0,0.0,0.0,0.0
25,FLEET MANAGEMENT,class_800,0,0.0,0.0,0.0,0.0,0.0,0.0,0.0
25,FLEET MANAGEMENT,class_900,0,0.0,0.0,0.0,0.0,0.0,0.0,0.0
25,FLEET MANAGEMENT,total,46073994,46803724.0,46803724.0,44781176.0,44999176.0,45169176.0,45169176.0,45169176.0
25V,FLEET MANAGEMENT - VEHICLE LEASE/PURCHASE,class_100,0,0.0,0.0,0.0,0.0,0.0,0.0,0.0
25V,FLEET MANAGEMENT - VEHICLE LEASE/PURCHASE,class_200,0,0.0,0.0,0.0,0.0,0.0,0.0,0.0
25V,FLEET MANAGEMENT - VEHICLE LEASE/PURCHASE,class_300_400,18274884,9797739.0,9797739.0,9307852.0,9307852.0,9307852.0,9307852.0,9307852.0
25V,FLEET MANAGEMENT - VEHICLE LEASE/PURCHASE,class_500,0,0.0,0.0,0.0,0.0,0.0,0.0,0.0
25V,FLEET MANAGEMENT - VEHICLE LEASE/PURCHASE,class_700,0,0.0,0.0,0.0,0.0,0.0,0.0,0.0
25V,FLEET MANAGEMENT - VEHICLE LEASE/PURCHASE,class_800,0,0.0,0.0,0.0,0.0,0.0,0.0,0.0
25V,FLEET MANAGEMENT - VEHICLE LEASE/PURCHASE,class_900,0,0.0,0.0,0.0,0.0,0.0,0.0,0.0
25V,FLEET MANAGEMENT - VEHICLE LEASE/PURCHASE,total,18274884,9797739.0,9797739.0,9307852.0,9307852.0,9307852.0,9307852.0,9307852.0
52,FREE LIBRARY,class_100,41221658,35549343.0,35549343.0,38171857.0,38274463.0,38510459.0,38588565.0,38680541.0
52,FREE LIBRARY,class_200,2799033,2259262.0,2259262.0,2615022.0,2623916.0,2633033.0,2633033.0,2633033.0
52,FREE LIBRARY,class_300_400,2248160,1842128.0,1842128.0,1842128.0,1842128.0,1842128.0,1842128.0,1842128.0
52,FREE LIBRARY,class_500,0,0.0,0.0,0.0,0.0,0.0,0.0,0.0
52,FREE LIBRARY,class_700,0,0.0,0.0,0.0,0.0,0.0,0.0,0.0
52,FREE LIBRARY,class_800,0,0.0,0.0,0.0,0.0,0.0,0.0,0.0
52,FREE LIBRARY,class_900,0,0.0,0.0,0.0,0.0,0.0,0.0,0.0
52,FREE LIBRARY,total,46268851,39650733.0,39650733.0,42629007.0,42740507.0,42985620.0,43063726.0,43155702.0
54,HUMAN RELATIONS COMMISSION,class_100,2286672,2360285.0,2360285.0,2325040.0,2325040.0,2325040.0,2325040.0,2325040.0
54,HUMAN RELATIONS COMMISSION,class_200,24037,34657.0,34657.0,34657.0,34657.0,34657.0,34657.0,34657.0
54,HUMAN RELATIONS COMMISSION,class_300_400,21991,28031.0,28031.0,28031.0,28031.0,28031.0,28031.0,28031.0
54,HUMAN RELATIONS COMMISSION,class_500,0,0.0,0.0,0.0,0.0,0.0,0.0,0.0
54,HUMAN RELATIONS COMMISSION,class_700,0,0.0,0.0,0.0,0.0,0.0,0.0,0.0
54,HUMAN RELATIONS COMMISSION,class_800,0,0.0,0.0,0.0,0.0,0.0,0.0,0.0
54,HUMAN RELATIONS COMMISSION,class_900,0,0.0,0.0,0.0,0.0,0.0,0.0,0.0
54,HUMAN RELATIONS COMMISSION,total,2332700,2422973.0,2422973.0,2387728.0,2387728.0,2387728.0,2387728.0,2387728.0
22,HUMAN SERVICES,class_100,22404173,31673433.42,32098433.42,32182866.42,32197866.42,32197866.42,32197866.42,32197866.42
22,HUMAN SERVICES,class_200,88609393,129305230.0,128940212.0,140710334.0,144897092.0,143433082.0,143433082.0,143433082.0
22,HUMAN SERVICES,class_300_400,1391352,2111970.0,2111970.0,2111970.0,2111970.0,2111970.0,2111970.0,2111970.0
22,HUMAN SERVICES,class_500,139055,0.0,1393638.0,1393638.0,1393638.0,1393638.0,1393638.0,1393638.0
22,HUMAN SERVICES,class_700,0,0.0,0.0,0.0,0.0,0.0,0.0,0.0
22,HUMAN SERVICES,class_800,0,0.0,0.0,0.0,0.0,0.0,0.0,0.0
22,HUMAN SERVICES,class_900,0,0.0,0.0,0.0,0.0,0.0,0.0,0.0
22,HUMAN SERVICES,total,112543973,163090633.42000002,164544253.42000002,176398808.42000002,180600566.42000002,179136556.42000002,179136556.42000002,179136556.42000002
03,LABOR,class_100,1945732,2395467.0,2395467.0,2939422.0,2958306.0,2946331.0,2955772.0,2951147.0
03,LABOR,class_200,260157,357217.0,276217.0,352817.0,352817.0,352817.0,352817.0,352817.0
03,LABOR,class_300_400,11351,86420.0,77420.0,21420.0,21420.0,21420.0,21420.0,21420.0
03,LABOR,class_500,0,0.0,0.0,0.0,0.0,0.0,0.0,0.0
03,LABOR,class_700,0,0.0,0.0,0.0,0.0,0.0,0.0,0.0
03,LABOR,class_800,0,0.0,0.0,0.0,0.0,0.0,0.0,0.0
03,LABOR,class_900,0,0.0,0.0,0.0,0.0,0.0,0.0,0.0
03,LABOR,total,2217240,2839104.0,2749104.0,3313659.0,3332543.0,3320568.0,3330009.0,3325384.0
44,LAW,class_100,9733493,9520003.0,9520003.0,14452037.0,14502037.0,14552037.0,14552037.0,14552037.0
44,LAW,class_200,6559550,5309427.0,6709427.0,4668260.0,4668260.0,4668260.0,4668260.0,4668260.0
44,LAW,class_300_400,234599,184676.0,184676.0,184676.0,184676.0,184676.0,184676.0,184676.0
44,LAW,class_500,45000,0.0,0.0,0.0,0.0,0.0,0.0,0.0
44,LAW,class_700,0,0.0,0.0,0.0,0.0,0.0,0.0,0.0
44,LAW,class_800,0,0.0,0.0,0.0,0.0,0.0,0.0,0.0
44,LAW,class_900,0,0.0,0.0,0.0,0.0,0.0,0.0,0.0
44,LAW,total,16572642,15014106.0,16414106.0,19304973.0,19354973.0,19404973.0,19404973.0,19404973.0
26,LICENSES AND INSPECTIONS,class_100,24986716,23970217.0,23970217.0,24608806.0,24228806.0,24228806.0,24228806.0,24228806.0
26,LICENSES AND INSPECTIONS,class_200,12635533,13447002.0,13447002.0,13522002.0,13245752.0,13245752.0,13245752.0,13245752.0
26,LICENSES AND INSPECTIONS,class_300_400,996326,834475.0,834475.0,834475.0,834475.0,834475.0,834475.0,834475.0
26,LICENSES AND INSPECTIONS,class_500,275744,0.0,0.0,0.0,0.0,0.0,0.0,0.0
26,LICENSES AND INSPECTIONS,class_700,0,0.0,0.0,0.0,0.0,0.0,0.0,0.0
26,LICENSES AND INSPECTIONS,class_800,0,0.0,0.0,0.0,0.0,0.0,0.0,0.0
26,LICENSES AND INSPECTIONS,class_900,0,0.0,0.0,0.0,0.0,0.0,0.0,0.0
26,LICENSES AND INSPECTIONS,total,38894319,38251694.0,38251694.0,38965283.0,38309033.0,38309033.0,38309033.0,38309033.0
29,L+I - BOARD OF BUILDING STANDARDS,class_100,79592,82018.0,82018.0,82018.0,82018.0,82018.0,82018.0,82018.0
29,L+I - BOARD OF BUILDING STANDARDS,class_200,0,0.0,0.0,0.0,0.0,0.0,0.0,0.0
29,L+I - BOARD OF BUILDING STANDARDS,class_300_400,0,0.0,0.0,0.0,0.0,0.0,0.0,0.0
29,L+I - BOARD OF BUILDING STANDARDS,class_500,0,0.0,0.0,0.0,0.0,0.0,0.0,0.0
29,L+I - BOARD OF BUILDING STANDARDS,class_700,0,0.0,0.0,0.0,0.0,0.0,0.0,0.0
29,L+I - BOARD OF BUILDING STANDARDS,class_800,0,0.0,0.0,0.0,0.0,0.0,0.0,0.0
29,L+I - BOARD OF BUILDING STANDARDS,class_900,0,0.0,0.0,0.0,0.0,0.0,0.0,0.0
29,L+I - BOARD OF BUILDING STANDARDS,total,79592,82018.0,82018.0,82018.0,82018.0,82018.0,82018.0,82018.0
27,L+I - BOARD OF L+I REVIEW,class_100,126329,165635.0,165635.0,165635.0,165635.0,165635.0,165635.0,165635.0
27,L+I - BOARD OF L+I REVIEW,class_200,10436,10436.0,10436.0,10436.0,10436.0,10436.0,10436.0,10436.0
27,L+I - BOARD OF L+I REVIEW,class_300_400,0,0.0,0.0,0.0,0.0,0.0,0.0,0.0
27,L+I - BOARD OF L+I REVIEW,class_500,0,0.0,0.0,0.0,0.0,0.0,0.0,0.0
27,L+I - BOARD OF L+I REVIEW,class_700,0,0.0,0.0,0.0,0.0,0.0,0.0,0.0
27,L+I - BOARD OF L+I REVIEW,class_800,0,0.0,0.0,0.0,0.0,0.0,0.0,0.0
27,L+I - BOARD OF L+I REVIEW,class_900,0,0.0,0.0,0.0,0.0,0.0,0.0,0.0
27,L+I - BOARD OF L+I REVIEW,total,136765,176071.0,176071.0,176071.0,176071.0,176071.0,176071.0,176071.0
10,MANAGING DIRECTOR,class_100,40052290,36119907.0,42562601.0,42224013.0,43211806.0,43479114.0,42861459.0,42963134.0
10,MANAGING DIRECTOR,class_200,47514026,31588550.0,53881717.0,44477850.0,42253809.0,43541769.0,41651769.0,41651769.0
10,MANAGING DIRECTOR,class_300_400,16807137,1556787.0,26438745.0,4059265.0,1383059.0,1383059.0,1190059.0,1190059.0
10,MANAGING DIRECTOR,class_500,603507,1350000.0,1350000.0,2500000.0,2500000.0,2500000.0,2500000.0,2500000.0
10,MANAGING DIRECTOR,class_700,0,0.0,0.0,0.0,0.0,0.0,0.0,0.0
10,MANAGING DIRECTOR,class_800,1947849,0.0,0.0,0.0,0.0,0.0,0.0,0.0
10,MANAGING DIRECTOR,class_900,0,0.0,0.0,0.0,0.0,0.0,0.0,0.0
10,MANAGING DIRECTOR,total,106924809,70615244.0,124233063.0,93261128.0,89348674.0,90903942.0,88203287.0,88304962.0
10LS,MANAGING DIRECTOR - LEGAL SERVICES (Div 46),class_100,0,0.0,0.0,0.0,0.0,0.0,0.0,0.0
10LS,MANAGING DIRECTOR - LEGAL SERVICES (Div 46),class_200,50938541,50104181.0,50104181.0,50938782.0,50938782.0,50938782.0,50938782.0,50938782.0
10LS,MANAGING DIRECTOR - LEGAL SERVICES (Div 46),class_300_400,0,0.0,0.0,0.0,0.0,0.0,0.0,0.0
10LS,MANAGING DIRECTOR - LEGAL SERVICES (Div 46),class_500,0,0.0,0.0,0.0,0.0,0.0,0.0,0.0
10LS,MANAGING DIRECTOR - LEGAL SERVICES (Div 46),class_700,0,0.0,0.0,0.0,0.0,0.0,0.0,0.0
10LS,MANAGING DIRECTOR - LEGAL SERVICES (Div 46),class_800,0,0.0,0.0,0.0,0.0,0.0,0.0,0.0
10LS,MANAGING DIRECTOR - LEGAL SERVICES (Div 46),class_900,0,0.0,0.0,0.0,0.0,0.0,0.0,0.0
10LS,MANAGING DIRECTOR - LEGAL SERVICES (Div 46),total,50938541,50104181.0,50104181.0,50938782.0,50938782.0,50938782.0,50938782.0,50938782.0
05,MAYOR,class_100,5526098,5775991.0,5808491.0,5892600.0,5892600.0,5892600.0,5892600.0,5892600.0
05,MAYOR,class_200,586190,646260.0,930260.0,780260.0,730260.0,680260.0,680260.0,680260.0
05,MAYOR,class_300_400,24441,41341.0,41341.0,41341.0,41341.0,41341.0,41341.0,41341.0
05,MAYOR,class_500,500,0.0,0.0,0.0,0.0,0.0,0.0,0.0
05,MAYOR,class_700,0,0.0,0.0,0.0,0.0,0.0,0.0,0.0
05,MAYOR,class_800,0,0.0,0.0,0.0,0.0,0.0,0.0,0.0
05,MAYOR,class_900,0,0.0,0.0,0.0,0.0,0.0,0.0,0.0
05,MAYOR,total,6137229,6463592.0,6780092.0,6714201.0,6664201.0,6614201.0,6614201.0,6614201.0
05S,MAYOR - SCHOLARSHIPS,class_100,0,0.0,0.0,0.0,0.0,0.0,0.0,0.0
05S,MAYOR - SCHOLARSHIPS,class_200,0,0.0,0.0,0.0,0.0,0.0,0.0,0.0
05S,MAYOR - SCHOLARSHIPS,class_300_400,0,0.0,0.0,0.0,0.0,0.0,0.0,0.0
05S,MAYOR - SCHOLARSHIPS,class_500,200000,100000.0,200000.0,100000.0,100000.0,100000.0,100000.0,100000.0
05S,MAYOR - SCHOLARSHIPS,class_700,0,0.0,0.0,0.0,0.0,0.0,0.0,0.0
05S,MAYOR - SCHOLARSHIPS,class_800,0,0.0,0.0,0.0,0.0,0.0,0.0,0.0
05S,MAYOR - SCHOLARSHIPS,class_900,0,0.0,0.0,0.0,0.0,0.0,0.0,0.0
05S,MAYOR - SCHOLARSHIPS,total,200000,100000.0,200000.0,100000.0,100000.0,100000.0,100000.0,100000.0
50,MURAL ARTS PROGRAM,class_100,598178,578952.0,578952.0,629992.0,629992.0,629992.0,629992.0,629992.0
50,MURAL ARTS PROGRAM,class_200,1531934,1545610.0,1545610.0,1695610.0,1695610.0,1695610.0,1695610.0,1695610.0
50,MURAL ARTS PROGRAM,class_300_400,0,0.0,0.0,0.0,0.0,0.0,0.0,0.0
50,MURAL ARTS PROGRAM,class_500,0,0.0,0.0,0.0,0.0,0.0,0.0,0.0
50,MURAL ARTS PROGRAM,class_700,0,0.0,0.0,0.0,0.0,0.0,0.0,0.0
50,MURAL ARTS PROGRAM,class_800,0,0.0,0.0,0.0,0.0,0.0,0.0,0.0
50,MURAL ARTS PROGRAM,class_900,0,0.0,0.0,0.0,0.0,0.0,0.0,0.0
50,MURAL ARTS PROGRAM,total,2130112,2124562.0,2124562.0,2325602.0,2325602.0,2325602.0,2325602.0,2325602.0
58,OFFICE OF ARTS AND CULTURE AND THE CREATIVE ECONOMY,class_100,544982,0.0,0.0,0.0,0.0,0.0,0.0,0.0
58,OFFICE OF ARTS AND CULTURE AND THE CREATIVE ECONOMY,class_200,203114,0.0,0.0,0.0,0.0,0.0,0.0,0.0
58,OFFICE OF ARTS AND CULTURE AND THE CREATIVE ECONOMY,class_300_400,6645,0.0,0.0,0.0,0.0,0.0,0.0,0.0
58,OFFICE OF ARTS AND CULTURE AND THE CREATIVE ECONOMY,class_500,3620688,0.0,0.0,0.0,0.0,0.0,0.0,0.0
58,OFFICE OF ARTS AND CULTURE AND THE CREATIVE ECONOMY,class_700,0,0.0,0.0,0.0,0.0,0.0,0.0,0.0
58,OFFICE OF ARTS AND CULTURE AND THE CREATIVE ECONOMY,class_800,0,0.0,0.0,0.0,0.0,0.0,0.0,0.0
58,OFFICE OF ARTS AND CULTURE AND THE CREATIVE ECONOMY,class_900,0,0.0,0.0,0.0,0.0,0.0,0.0,0.0
58,OFFICE OF ARTS AND CULTURE AND THE CREATIVE ECONOMY,total,4375429,0.0,0.0,0.0,0.0,0.0,0.0,0.0
15,OFFICE OF BEHAVIORAL HEALTH AND INTELLECTUAL DISABILITY,class_100,1550431,1546510.0,1546510.0,2980922.0,3026120.0,3026120.0,3026120.0,3026120.0
15,OFFICE OF BEHAVIORAL HEALTH AND INTELLECTUAL DISABILITY,class_200,14360976,13930892.0,13930892.0,20522810.0,17142012.0,17142012.0,17142012.0,17142012.0
15,OFFICE OF BEHAVIORAL HEALTH AND INTELLECTUAL DISABILITY,class_300_400,0,0.0,0.0,43200.0,43200.0,43200.0,43200.0,43200.0
15,OFFICE OF BEHAVIORAL HEALTH AND INTELLECTUAL DISABILITY,class_500,0,0.0,0.0,0.0,0.0,0.0,0.0,0.0
15,OFFICE OF BEHAVIORAL HEALTH AND INTELLECTUAL DISABILITY,class_700,0,0.0,0.0,0.0,0.0,0.0,0.0,0.0
15,OFFICE OF BEHAVIORAL HEALTH AND INTELLECTUAL DISABILITY,class_800,0,0.0,0.0,0.0,0.0,0.0,0.0,0.0
15,OFFICE OF BEHAVIORAL HEALTH AND INTELLECTUAL DISABILITY,class_900,0,0.0,0.0,0.0,0.0,0.0,0.0,0.0
15,OFFICE OF BEHAVIORAL HEALTH AND INTELLECTUAL DISABILITY,total,15911407,15477402.0,15477402.0,23546932.0,20211332.0,20211332.0,20211332.0,20211332.0
65,OFFICE OF THE CHIEF ADMINISTRATIVE OFFICER,class_100,4435378,4256565.0,4256565.0,5062173.0,5002173.0,5002173.0,5002173.0,5002173.0
65,OFFICE OF THE CHIEF ADMINISTRATIVE OFFICER,class_200,2315960,2050549.0,2050549.0,3865698.0,3865698.0,3865698.0,3865698.0,3865698.0
65,OFFICE OF THE CHIEF ADMINISTRATIVE OFFICER,class_300_400,13507,26665.0,26665.0,2016665.0,2016665.0,16665.0,16665.0,16665.0
65,OFFICE OF THE CHIEF ADMINISTRATIVE OFFICER,class_500,0,0.0,0.0,0.0,0.0,0.0,0.0,0.0
65,OFFICE OF THE CHIEF ADMINISTRATIVE OFFICER,class_700,0,0.0,0.0,0.0,0.0,0.0,0.0,0.0
65,OFFICE OF THE CHIEF ADMINISTRATIVE OFFICER,class_800,0,0.0,0.0,0.0,0.0,0.0,0.0,0.0
65,OFFICE OF THE CHIEF ADMINISTRATIVE OFFICER,class_900,0,0.0,0.0,0.0,0.0,0.0,0.0,0.0
65,OFFICE OF THE CHIEF ADMINISTRATIVE OFFICER,total,6764845,6333779.0,6333779.0,10944536.0,10884536.0,8884536.0,8884536.0,8884536.0
08,OFFICE OF COMMUNITY EMPOWERMENT & OPPORTUNITY (formerly MOCS 08),class_100,90000,45000.0,45000.0,45000.0,45000.0,45000.0,45000.0,45000.0
08,OFFICE OF COMMUNITY EMPOWERMENT & OPPORTUNITY (formerly MOCS 08),class_200,0,0.0,0.0,0.0,0.0,0.0,0.0,0.0
08,OFFICE OF COMMUNITY EMPOWERMENT & OPPORTUNITY (formerly MOCS 08),class_300_400,0,0.0,0.0,0.0,0.0,0.0,0.0,0.0
08,OFFICE OF COMMUNITY EMPOWERMENT & OPPORTUNITY (formerly MOCS 08),class_500,500,0.0,0.0,0.0,0.0,0.0,0.0,0.0
08,OFFICE OF COMMUNITY EMPOWERMENT & OPPORTUNITY (formerly MOCS 08),class_700,0,0.0,0.0,0.0,0.0,0.0,0.0,0.0
08,OFFICE OF COMMUNITY EMPOWERMENT & OPPORTUNITY (formerly MOCS 08),class_800,0,0.0,0.0,0.0,0.0,0.0,0.0,0.0
08,OFFICE OF COMMUNITY EMPOWERMENT & OPPORTUNITY (formerly MOCS 08),class_900,0,0.0,0.0,0.0,0.0,0.0,0.0,0.0
08,OFFICE OF COMMUNITY EMPOWERMENT & OPPORTUNITY (formerly MOCS 08),total,90500,45000.0,45000.0,45000.0,45000.0,45000.0,45000.0,45000.0
66,OFFICE OF CHILDREN AND FAMILIES (formerly known as OFFICE OF EDUCATION),class_100,2789271,418820.0,418820.0,442000.0,442000.0,442000.0,442000.0,442000.0
66,OFFICE OF CHILDREN AND FAMILIES (formerly known as OFFICE OF EDUCATION),class_200,38791702,0.0,0.0,0.0,0.0,0.0,0.0,0.0
66,OFFICE OF CHILDREN AND FAMILIES (formerly known as OFFICE OF EDUCATION),class_300_400,7857,0.0,0.0,0.0,0.0,0.0,0.0,0.0
66,OFFICE OF CHILDREN AND FAMILIES (formerly known as OFFICE OF EDUCATION),class_500,1500000,0.0,0.0,0.0,0.0,0.0,0.0,0.0
66,OFFICE OF CHILDREN AND FAMILIES (formerly known as OFFICE OF EDUCATION),class_700,0,0.0,0.0,0.0,0.0,0.0,0.0,0.0
66,OFFICE OF CHILDREN AND FAMILIES (formerly known as OFFICE OF EDUCATION),class_800,0,0.0,0.0,0.0,0.0,0.0,0.0,0.0
66,OFFICE OF CHILDREN AND FAMILIES (formerly known as OFFICE OF EDUCATION),class_900,0,0.0,0.0,0.0,0.0,0.0,0.0,0.0
66,OFFICE OF CHILDREN AND FAMILIES (formerly known as OFFICE OF EDUCATION),total,43088830,418820.0,418820.0,442000.0,442000.0,442000.0,442000.0,442000.0
24,OFFICE OF HOMELESS SERVICES,class_100,9589667,8068689.0,7618135.0,9307467.0,9307467.0,7533791.0,7533791.0,7533791.0
24,OFFICE OF HOMELESS SERVICES,class_200,50185972,35593350.0,37043904.0,45637327.0,46304600.0,38795556.0,38795556.0,38795556.0
24,OFFICE OF HOMELESS SERVICES,class_300_400,319592,344127.0,344127.0,344127.0,344127.0,344127.0,344127.0,344127.0
24,OFFICE OF HOMELESS SERVICES,class_500,17806,32421.0,32421.0,32421.0,32421.0,32421.0,32421.0,32421.0
24,OFFICE OF HOMELESS SERVICES,class_700,0,0.0,0.0,0.0,0.0,0.0,0.0,0.0
24,OFFICE OF HOMELESS SERVICES,class_800,0,0.0,0.0,0.0,0.0,0.0,0.0,0.0
24,OFFICE OF HOMELESS SERVICES,class_900,0,0.0,0.0,0.0,0.0,0.0,0.0,0.0
24,OFFICE OF HOMELESS SERVICES,total,60113037,44038587.0,45038587.0,55321342.0,55988615.0,46705895.0,46705895.0,46705895.0
56,OFFICE OF HUMAN RESOURCES,class_100,5185267,5290733.0,5290733.0,5053802.0,5053802.0,5053802.0,5053802.0,5053802.0
56,OFFICE OF HUMAN RESOURCES,class_200,730911,877570.0,877570.0,997570.0,747570.0,827570.0,827570.0,827570.0
56,OFFICE OF HUMAN RESOURCES,class_300_400,49023,69432.0,69432.0,69432.0,69432.0,69432.0,69432.0,69432.0
56,OFFICE OF HUMAN RESOURCES,class_500,0,0.0,0.0,0.0,0.0,0.0,0.0,0.0
56,OFFICE OF HUMAN RESOURCES,class_700,0,0.0,0.0,0.0,0.0,0.0,0.0,0.0
56,OFFICE OF HUMAN RESOURCES,class_800,0,0.0,0.0,0.0,0.0,0.0,0.0,0.0
56,OFFICE OF HUMAN RESOURCES,class_900,0,0.0,0.0,0.0,0.0,0.0,0.0,0.0
56,OFFICE OF HUMAN RESOURCES,total,5965201,6237735.0,6237735.0,6120804.0,5870804.0,5950804.0,5950804.0,5950804.0
04,OFFICE OF INNOVATION AND TECHNOLOGY (Base),class_100,22772627,22822147.0,23487087.0,29657871.0,29331351.0,28606749.0,28645730.0,28645730.0
04,OFFICE OF INNOVATION AND TECHNOLOGY (Base),class_200,47254784,46576598.0,49983927.0,48514689.0,49645072.0,50973188.0,50961753.0,50961753.0
04,OFFICE OF INNOVATION AND TECHNOLOGY (Base),class_300_400,5948249,6396428.0,3846428.0,2983610.0,2983610.0,2983610.0,2983610.0,2983610.0
04,OFFICE OF INNOVATION AND TECHNOLOGY (Base),class_500,1970,0.0,0.0,0.0,0.0,0.0,0.0,0.0
04,OFFICE OF INNOVATION AND TECHNOLOGY (Base),class_700,0,0.0,0.0,0.0,0.0,0.0,0.0,0.0
04,OFFICE OF INNOVATION AND TECHNOLOGY (Base),class_800,0,0.0,0.0,0.0,0.0,0.0,0.0,0.0
04,OFFICE OF INNOVATION AND TECHNOLOGY (Base),class_900,0,0.0,0.0,0.0,0.0,0.0,0.0,0.0
04,OFFICE OF INNOVATION AND TECHNOLOGY (Base),total,75977630,75795173.0,77317442.0,81156170.0,81960033.0,82563547.0,82591093.0,82591093.0
04-911,OFFICE OF INNOVATION AND TECHNOLOGY - 911  (Div 14),class_100,1376075,1341547.0,1341547.0,1341547.0,1341547.0,1341547.0,1341547.0,1341547.0
04-911,OFFICE OF INNOVATION AND TECHNOLOGY - 911  (Div 14),class_200,14374528,29159009.0,29159009.0,21928631.0,17950466.0,16023304.0,16046883.0,15237321.0
04-911,OFFICE OF INNOVATION AND TECHNOLOGY - 911  (Div 14),class_300_400,4166166,23064399.0,23064399.0,8064399.0,8064399.0,8064399.0,8064399.0,8064399.0
04-911,OFFICE OF INNOVATION AND TECHNOLOGY - 911  (Div 14),class_500,0,0.0,0.0,0.0,0.0,0.0,0.0,0.0
04-911,OFFICE OF INNOVATION AND TECHNOLOGY - 911  (Div 14),class_700,0,0.0,0.0,0.0,0.0,0.0,0.0,0.0
04-911,OFFICE OF INNOVATION AND TECHNOLOGY - 911  (Div 14),class_800,0,0.0,0.0,0.0,0.0,0.0,0.0,0.0
04-911,OFFICE OF INNOVATION AND TECHNOLOGY - 911  (Div 14),class_900,0,0.0,0.0,0.0,0.0,0.0,0.0,0.0
04-911,OFFICE OF INNOVATION AND TECHNOLOGY - 911  (Div 14),total,19916769,53564955.0,53564955.0,31334577.0,27356412.0,25429250.0,25452829.0,24643267.0
48,OFFICE OF THE INSPECTOR GENERAL,class_100,1397115,1472481.0,1472481.0,1504223.0,1504223.0,1504223.0,1504223.0,1504223.0
48,OFFICE OF THE INSPECTOR GENERAL,class_200,95353,97975.0,97975.0,97975.0,97975.0,97975.0,97975.0,97975.0
48,OFFICE OF THE INSPECTOR GENERAL,class_300_400,4799,5225.0,5225.0,5225.0,5225.0,5225.0,5225.0,5225.0
48,OFFICE OF THE INSPECTOR GENERAL,class_500,0,0.0,0.0,0.0,0.0,0.0,0.0,0.0
48,OFFICE OF THE INSPECTOR GENERAL,class_700,0,0.0,0.0,0.0,0.0,0.0,0.0,0.0
48,OFFICE OF THE INSPECTOR GENERAL,class_800,0,0.0,0.0,0.0,0.0,0.0,0.0,0.0
48,OFFICE OF THE INSPECTOR GENERAL,class_900,0,0.0,0.0,0.0,0.0,0.0,0.0,0.0
48,OFFICE OF THE INSPECTOR GENERAL,total,1497267,1575681.0,1575681.0,1607423.0,1607423.0,1607423.0,1607423.0,1607423.0
59,OFFICE OF PROPERTY ASSESSMENT,class_100,13142246,12918061.0,13428399.0,14395213.0,14395213.0,14395213.0,14395213.0,14395213.0
59,OFFICE OF PROPERTY ASSESSMENT,class_200,1396124,2420632.0,2310294.0,2026020.0,1926020.0,1926020.0,1926020.0,1926020.0
59,OFFICE OF PROPERTY ASSESSMENT,class_300_400,173051,762600.0,362600.0,362600.0,362600.0,362600.0,362600.0,362600.0
59,OFFICE OF PROPERTY ASSESSMENT,class_500,0,0.0,0.0,0.0,0.0,0.0,0.0,0.0
59,OFFICE OF PROPERTY ASSESSMENT,class_700,0,0.0,0.0,0.0,0.0,0.0,0.0,0.0
59,OFFICE OF PROPERTY ASSESSMENT,class_800,0,0.0,0.0,0.0,0.0,0.0,0.0,0.0
59,OFFICE OF PROPERTY ASSESSMENT,class_900,0,0.0,0.0,0.0,0.0,0.0,0.0,0.0
59,OFFICE OF PROPERTY ASSESSMENT,total,14711421,16101293.0,16101293.0,16783833.0,16683833.0,16683833.0,16683833.0,16683833.0
49,OFFICE OF SUSTAINABILITY,class_100,566858,603814.0,679853.0,722621.0,722621.0,722621.0,722621.0,722621.0
49,OFFICE OF SUSTAINABILITY,class_200,391710,423366.0,423366.0,473366.0,473366.0,473366.0,473366.0,423366.0
49,OFFICE OF SUSTAINABILITY,class_300_400,16945,1000.0,1000.0,1000.0,1000.0,1000.0,1000.0,1000.0
49,OFFICE OF SUSTAINABILITY,class_500,0,0.0,0.0,0.0,0.0,0.0,0.0,0.0
49,OFFICE OF SUSTAINABILITY,class_700,0,0.0,0.0,0.0,0.0,0.0,0.0,0.0
49,OFFICE OF SUSTAINABILITY,class_800,250000,175000.0,175000.0,175000.0,175000.0,175000.0,175000.0,175000.0
49,OFFICE OF SUSTAINABILITY,class_900,0,0.0,0.0,0.0,0.0,0.0,0.0,0.0
49,OFFICE OF SUSTAINABILITY,total,1225513,1203180.0,1279219.0,1371987.0,1371987.0,1371987.0,1371987.0,1321987.0
16,PARKS AND RECREATION,class_100,50465519,46921787.0,46921787.0,52352786.0,52940834.0,52978065.0,53014967.0,53051673.0
16,PARKS AND RECREATION,class_200,6885094,4482142.0,4826996.0,5659542.0,5699542.0,5559542.0,5559542.0,5559542.0
16,PARKS AND RECREATION,class_300_400,2621266,2022225.0,2022225.0,2552225.0,2527225.0,2527225.0,2527225.0,2527225.0
16,PARKS AND RECREATION,class_500,4997411,1500000.0,1500000.0,1500000.0,1500000.0,1500000.0,1500000.0,1500000.0
16,PARKS AND RECREATION,class_700,0,0.0,0.0,0.0,0.0,0.0,0.0,0.0
16,PARKS AND RECREATION,class_800,0,0.0,0.0,0.0,0.0,0.0,0.0,0.0
16,PARKS AND RECREATION,class_900,0,0.0,0.0,0.0,0.0,0.0,0.0,0.0
16,PARKS AND RECREATION,total,64969290,54926154.0,55271008.0,62064553.0,62667601.0,62564832.0,62601734.0,62638440.0
72,PLANNING & DEVELOPMENT,class_100,4778297,4834959.0,4834959.0,4873604.0,4873604.0,4873604.0,4873604.0,4873604.0
72,PLANNING & DEVELOPMENT,class_200,7028904,3619463.0,10139463.0,3619463.0,3589463.0,3589463.0,3589463.0,3589463.0
72,PLANNING & DEVELOPMENT,class_300_400,95208,80761.0,80761.0,80761.0,80761.0,80761.0,80761.0,80761.0
72,PLANNING & DEVELOPMENT,class_500,6350000,0.0,0.0,0.0,0.0,0.0,0.0,0.0
72,PLANNING & DEVELOPMENT,class_700,0,0.0,0.0,0.0,0.0,0.0,0.0,0.0
72,PLANNING & DEVELOPMENT,class_800,0,0.0,0.0,0.0,0.0,0.0,0.0,0.0
72,PLANNING & DEVELOPMENT,class_900,0,0.0,0.0,0.0,0.0,0.0,0.0,0.0
72,PLANNING & DEVELOPMENT,total,18252409,8535183.0,15055183.0,8573828.0,8543828.0,8543828.0,8543828.0,8543828.0
11,POLICE,class_100,736072678,704077967.0,704077967.0,704349409.0,704349409.0,704349409.0,704349409.0,704349409.0
11,POLICE,class_200,9674616,10135755.0,11186755.0,10418373.0,10418373.0,10418373.0,10418373.0,10418373.0
11,POLICE,class_300_400,12475884,12794012.0,11743012.0,12239952.0,12239952.0,12239952.0,12239952.0,12239952.0
11,POLICE,class_500,16175422,0.0,0.0,0.0,0.0,0.0,0.0,0.0
11,POLICE,class_700,0,0.0,0.0,0.0,0.0,0.0,0.0,0.0
11,POLICE,class_800,0,0.0,0.0,0.0,0.0,0.0,0.0,0.0
11,POLICE,class_900,0,0.0,0.0,0.0,0.0,0.0,0.0,0.0
11,POLICE,total,774398600,727007734.0,727007734.0,727007734.0,727007734.0,727007734.0,727007734.0,727007734.0
23,PRISONS,class_100,137253128,126599446.0,121537266.0,126635188.0,126635188.0,126635188.0,126635188.0,126635188.0
23,PRISONS,class_200,101017698,88351948.0,95596067.0,97960934.0,96059955.0,96059955.0,96059955.0,96059955.0
23,PRISONS,class_300_400,4347922,4016769.0,4016769.0,5499455.0,4674595.0,4542222.0,4557986.0,4016769.0
23,PRISONS,class_500,1379914,1201757.0,1013004.0,1201757.0,1201757.0,1201757.0,1201757.0,1201757.0
23,PRISONS,class_700,0,0.0,0.0,0.0,0.0,0.0,0.0,0.0
23,PRISONS,class_800,0,0.0,0.0,0.0,0.0,0.0,0.0,0.0
23,PRISONS,class_900,0,0.0,0.0,0.0,0.0,0.0,0.0,0.0
23,PRISONS,total,243998662,220169920.0,222163106.0,231297334.0,228571495.0,228439122.0,228454886.0,227913669.0
38,PROCUREMENT,class_100,2519208,2436508.0,2436508.0,2648235.0,2648235.0,2648235.0,2648235.0,2648235.0
38,PROCUREMENT,class_200,2547204,2283634.0,4578402.0,2795744.0,2804723.0,2812198.0,2812198.0,2812198.0
38,PROCUREMENT,class_300_400,17843,40194.0,40194.0,12359.0,12359.0,12359.0,12359.0,12359.0
38,PROCUREMENT,class_500,0,0.0,0.0,0.0,0.0,0.0,0.0,0.0
38,PROCUREMENT,class_700,0,0.0,0.0,0.0,0.0,0.0,0.0,0.0
38,PROCUREMENT,class_800,0,0.0,0.0,0.0,0.0,0.0,0.0,0.0
38,PROCUREMENT,class_900,0,0.0,0.0,0.0,0.0,0.0,0.0,0.0
38,PROCUREMENT,total,5084255,4760336.0,7055104.0,5456338.0,5465317.0,5472792.0,5472792.0,5472792.0
14,PUBLIC HEALTH,class_100,60130461,57654465.0,58270680.0,58752291.0,58797980.0,58762211.0,58802573.0,58811975.0
14,PUBLIC HEALTH,class_200,96118606,90506143.0,93424737.0,95447448.0,49014705.0,48847227.0,48854899.0,48854899.0
14,PUBLIC HEALTH,class_300_400,7819770,6768973.0,6142973.0,7366053.0,6344453.0,6344453.0,6344453.0,6344453.0
14,PUBLIC HEALTH,class_500,4944,0.0,0.0,0.0,0.0,0.0,0.0,0.0
14,PUBLIC HEALTH,class_700,0,0.0,0.0,0.0,0.0,0.0,0.0,0.0
14,PUBLIC HEALTH,class_800,4500000,4423404.0,4423404.0,923404.0,923404.0,923404.0,923404.0,923404.0
14,PUBLIC HEALTH,class_900,0,0.0,0.0,0.0,0.0,0.0,0.0,0.0
14,PUBLIC HEALTH,total,168573781,159352985.0,162261794.0,162489196.0,115080542.0,114877295.0,114925329.0,114934731.0
20,PUBLIC PROPERTY,class_100,8610609,10101149.0,10101149.0,10098527.0,10104653.0,10110962.0,10115460.0,10122154.0
20,PUBLIC PROPERTY,class_200,35822167,30549657.0,31456194.0,35725814.0,36552822.0,36905338.0,37251099.0,37554718.0
20,PUBLIC PROPERTY,class_300_400,1044238,1338535.0,1338535.0,1338535.0,1338535.0,1338535.0,1338535.0,1338535.0
20,PUBLIC PROPERTY,class_500,211400,0.0,0.0,0.0,0.0,0.0,0.0,0.0
20,PUBLIC PROPERTY,class_700,0,0.0,0.0,0.0,0.0,0.0,0.0,0.0
20,PUBLIC PROPERTY,class_800,23169407,28235000.0,28235000.0,26262470.0,27509288.0,28966288.0,29594798.0,30290293.0
20,PUBLIC PROPERTY,class_900,0,0.0,0.0,0.0,0.0,0.0,0.0,0.0
20,PUBLIC PROPERTY,total,68857821,70224341.0,71130878.0,73425346.0,75505298.0,77321123.0,78299892.0,79305700.0
20SS,PUBLIC PROPERTY - SEPTA SUBSIDY,class_100,0,0.0,0.0,0.0,0.0,0.0,0.0,0.0
20SS,PUBLIC PROPERTY - SEPTA SUBSIDY,class_200,86290000,84608000.0,84608000.0,91214000.0,94323000.0,97575000.0,100961000.0,104475000.0
20SS,PUBLIC PROPERTY - SEPTA SUBSIDY,class_300_400,0,0.0,0.0,0.0,0.0,0.0,0.0,0.0
20SS,PUBLIC PROPERTY - SEPTA SUBSIDY,class_500,0,0.0,0.0,0.0,0.0,0.0,0.0,0.0
20SS,PUBLIC PROPERTY - SEPTA SUBSIDY,class_700,0,0.0,0.0,0.0,0.0,0.0,0.0,0.0
20SS,PUBLIC PROPERTY - SEPTA SUBSIDY,class_800,0,0.0,0.0,0.0,0.0,0.0,0.0,0.0
20SS,PUBLIC PROPERTY - SEPTA SUBSIDY,class_900,0,0.0,0.0,0.0,0.0,0.0,0.0,0.0
20SS,PUBLIC PROPERTY - SEPTA SUBSIDY,total,86290000,84608000.0,84608000.0,91214000.0,94323000.0,97575000.0,100961000.0,104475000.0
20SR,PUBLIC PROPERTY - SPACE RENTALS,class_100,0,0.0,0.0,0.0,0.0,0.0,0.0,0.0
20SR,PUBLIC PROPERTY - SPACE RENTALS,class_200,26086731,25567715.0,25567715.0,30249634.0,30379922.0,31322075.0,32108228.0,33174820.0
20SR,PUBLIC PROPERTY - SPACE RENTALS,class_300_400,0,0.0,0.0,0.0,0.0,0.0,0.0,0.0
20SR,PUBLIC PROPERTY - SPACE RENTALS,class_500,0,0.0,0.0,0.0,0.0,0.0,0.0,0.0
20SR,PUBLIC PROPERTY - SPACE RENTALS,class_700,0,0.0,0.0,0.0,0.0,0.0,0.0,0.0
20SR,PUBLIC PROPERTY - SPACE RENTALS,class_800,0,0.0,0.0,0.0,0.0,0.0,0.0,0.0
20SR,PUBLIC PROPERTY - SPACE RENTALS,class_900,0,0.0,0.0,0.0,0.0,0.0,0.0,0.0
20SR,PUBLIC PROPERTY - SPACE RENTALS,total,26086731,25567715.0,25567715.0,30249634.0,30379922.0,31322075.0,32108228.0,33174820.0
20U,PUBLIC PROPERTY - UTILITIES,class_100,0,0.0,0.0,0.0,0.0,0.0,0.0,0.0
20U,PUBLIC PROPERTY - UTILITIES,class_200,28681562,25447623.0,25447623.0,24875748.0,25668251.0,26591054.0,27491945.0,28422963.0
20U,PUBLIC PROPERTY - UTILITIES,class_300_400,0,0.0,0.0,0.0,0.0,0.0,0.0,0.0
20U,PUBLIC PROPERTY - UTILITIES,class_500,0,0.0,0.0,0.0,0.0,0.0,0.0,0.0
20U,PUBLIC PROPERTY - UTILITIES,class_700,0,0.0,0.0,0.0,0.0,0.0,0.0,0.0
20U,PUBLIC PROPERTY - UTILITIES,class_800,0,0.0,0.0,0.0,0.0,0.0,0.0,0.0
20U,PUBLIC PROPERTY - UTILITIES,class_900,0,0.0,0.0,0.0,0.0,0.0,0.0,0.0
20U,PUBLIC PROPERTY - UTILITIES,total,28681562,25447623.0,25447623.0,24875748.0,25668251.0,26591054.0,27491945.0,28422963.0
31,RECORDS,class_100,2995101,3117312.0,3117312.0,3009970.0,3009970.0,3009970.0,3009970.0,3009970.0
31,RECORDS,class_200,994452,743265.0,743265.0,758985.0,758985.0,758985.0,658985.0,658985.0
31,RECORDS,class_300_400,230196,143758.0,143758.0,143758.0,143758.0,143758.0,143758.0,143758.0
31,RECORDS,class_500,1450,0.0,0.0,0.0,0.0,0.0,0.0,0.0
31,RECORDS,class_700,0,0.0,0.0,0.0,0.0,0.0,0.0,0.0
31,RECORDS,class_800,0,0.0,0.0,0.0,0.0,0.0,0.0,0.0
31,RECORDS,class_900,0,0.0,0.0,0.0,0.0,0.0,0.0,0.0
31,RECORDS,total,4221199,4004335.0,4004335.0,3912713.0,3912713.0,3912713.0,3812713.0,3812713.0
68,REGISTER OF WILLS,class_100,4523524,3956193.0,3956193.0,3856193.0,3856193.0,3856193.0,3856193.0,3856193.0
68,REGISTER OF WILLS,class_200,237805,125000.0,262004.0,125000.0,125000.0,125000.0,125000.0,125000.0
68,REGISTER OF WILLS,class_300_400,130301,140236.0,140236.0,140236.0,140236.0,140236.0,140236.0,140236.0
68,REGISTER OF WILLS,class_500,0,0.0,0.0,0.0,0.0,0.0,0.0,0.0
68,REGISTER OF WILLS,class_700,0,0.0,0.0,0.0,0.0,0.0,0.0,0.0
68,REGISTER OF WILLS,class_800,0,0.0,0.0,0.0,0.0,0.0,0.0,0.0
68,REGISTER OF WILLS,class_900,0,0.0,0.0,0.0,0.0,0.0,0.0,0.0
68,REGISTER OF WILLS,total,4891630,4221429.0,4358433.0,4121429.0,4121429.0,4121429.0,4121429.0,4121429.0
36,REVENUE,class_100,23489160,22648673.0,22648673.0,20380548.0,20380548.0,20380548.0,20380548.0,20380548.0
36,REVENUE,class_200,5445679,5787749.0,6225749.0,6087749.0,6087749.0,6087749.0,6087749.0,6087749.0
36,REVENUE,class_300_400,1081244,774976.0,774976.0,774976.0,774976.0,774976.0,774976.0,774976.0
36,REVENUE,class_500,305791,0.0,0.0,0.0,0.0,0.0,0.0,0.0
36,REVENUE,class_700,0,0.0,0.0,0.0,0.0,0.0,0.0,0.0
36,REVENUE,class_800,0,0.0,0.0,0.0,0.0,0.0,0.0,0.0
36,REVENUE,class_900,0,0.0,0.0,0.0,0.0,0.0,0.0,0.0
36,REVENUE,total,30321874,29211398.0,29649398.0,27243273.0,27243273.0,27243273.0,27243273.0,27243273.0
70,SHERIFF,class_100,28049726,25192450.0,25192450.0,25192450.0,25192450.0,25192450.0,25192450.0,25192450.0
70,SHERIFF,class_200,776791,1105267.0,1105267.0,1105267.0,1105267.0,1105267.0,1105267.0,1105267.0
70,SHERIFF,class_300_400,682442,498157.0,498157.0,498157.0,498157.0,498157.0,498157.0,498157.0
70,SHERIFF,class_500,771500,0.0,0.0,0.0,0.0,0.0,0.0,0.0
70,SHERIFF,class_700,0,0.0,0.0,0.0,0.0,0.0,0.0,0.0
70,SHERIFF,class_800,0,0.0,0.0,0.0,0.0,0.0,0.0,0.0
70,SHERIFF,class_900,0,0.0,0.0,0.0,0.0,0.0,0.0,0.0
70,SHERIFF,total,30280459,26795874.0,26795874.0,26795874.0,26795874.0,26795874.0,26795874.0,26795874.0
37,SINKING FUND COMMISSION (DEBT SERVICE),class_100,0,0.0,0.0,0.0,0.0,0.0,0.0,0.0
37,SINKING FUND COMMISSION (DEBT SERVICE),class_200,107127786,96918314.0,96918314.0,104560657.0,119241838.0,127412102.0,127134732.0,126250899.0
37,SINKING FUND COMMISSION (DEBT SERVICE),class_300_400,0,0.0,0.0,0.0,0.0,0.0,0.0,0.0
37,SINKING FUND COMMISSION (DEBT SERVICE),class_500,0,0.0,0.0,0.0,0.0,0.0,0.0,0.0
37,SINKING FUND COMMISSION (DEBT SERVICE),class_700,159226532,185714117.0,185714117.0,192666858.0,204369866.26,234852447.0,247879034.0,261405499.0
37,SINKING FUND COMMISSION (DEBT SERVICE),class_800,0,0.0,0.0,0.0,0.0,0.0,0.0,0.0
37,SINKING FUND COMMISSION (DEBT SERVICE),class_900,0,0.0,0.0,0.0,0.0,0.0,0.0,0.0
37,SINKING FUND COMMISSION (DEBT SERVICE),total,266354318,282632431.0,282632431.0,297227515.0,323611704.26,362264549.0,375013766.0,387656398.0
12,STREETS - Disposal  (Class 0205 in Divisions 01 and 02),class_100,0,0.0,0.0,0.0,0.0,0.0,0.0,0.0
12,STREETS - Disposal  (Class 0205 in Divisions 01 and 02),class_200,49829681,51462580.0,59762580.0,59762580.00000001,55027802.0,56343783.0,58149172.0,60026719.0
12,STREETS - Disposal  (Class 0205 in Divisions 01 and 02),class_300_400,0,0.0,0.0,0.0,0.0,0.0,0.0,0.0
12,STREETS - Disposal  (Class 0205 in Divisions 01 and 02),class_500,0,0.0,0.0,0.0,0.0,0.0,0.0,0.0
12,STREETS - Disposal  (Class 0205 in Divisions 01 and 02),class_700,0,0.0,0.0,0.0,0.0,0.0,0.0,0.0
12,STREETS - Disposal  (Class 0205 in Divisions 01 and 02),class_800,0,0.0,0.0,0.0,0.0,0.0,0.0,0.0
12,STREETS - Disposal  (Class 0205 in Divisions 01 and 02),class_900,0,0.0,0.0,0.0,0.0,0.0,0.0,0.0
12,STREETS - Disposal  (Class 0205 in Divisions 01 and 02),total,49829681,51462580.0,59762580.0,59762580.00000001,55027802.0,56343783.0,58149172.0,60026719.0
12,STREETS (Excl. Disposal),class_100,90344142,87283619.0,88909902.0,90986330.0,94158953.0,96837284.0,99539050.0,99539050.0
12,STREETS (Excl. Disposal),class_200,4556444,8050100.0,9856825.0,8417345.0,8417345.0,8417345.0,8417345.0,8417345.0
12,STREETS (Excl. Disposal),class_300_400,7050699,6172885.0,4922885.0,14215207.0,13634280.0,13640602.0,-2431398.0,-2437720.0
12,STREETS (Excl. Disposal),class_500,23064363,53171.0,53171.0,53171.0,53171.0,53171.0,53171.0,53171.0
12,STREETS (Excl. Disposal),class_700,0,0.0,0.0,0.0,0.0,0.0,0.0,0.0
12,STREETS (Excl. Disposal),class_800,0,0.0,0.0,0.0,0.0,0.0,0.0,0.0
12,STREETS (Excl. Disposal),class_900,0,0.0,0.0,0.0,0.0,0.0,0.0,0.0
12,STREETS (Excl. Disposal),total,125015648,101559775.0,103742783.0,113672053.0,116263749.0,118948402.0,105578168.0,105571846.0
